	SubjectID1	SubjectID2	Group1	Group2	Distance
0	SS011	SS007	Muck	Muck	0.7588260173797607
1	SS019	SS007	Muck	Muck	0.7294121980667114
2	SS019	SS011	Muck	Muck	0.6978722810745239
3	SS028	SS007	Muck	Muck	0.7483937740325928
4	SS028	SS011	Muck	Muck	0.7530276775360107
5	SS028	SS019	Muck	Muck	0.7341717481613159
6	SS040	SS007	Muck	Muck	0.736573338508606
7	SS040	SS011	Muck	Muck	0.6756449341773987
8	SS040	SS019	Muck	Muck	0.6811248660087585
9	SS040	SS028	Muck	Muck	0.5458758473396301
10	SS052	SS007	Muck	Muck	0.7734751105308533
11	SS052	SS011	Muck	Muck	0.7394421696662903
12	SS052	SS019	Muck	Muck	0.6610356569290161
13	SS052	SS028	Muck	Muck	0.5957674980163574
14	SS052	SS040	Muck	Muck	0.5099097490310669
15	SS064	SS007	Muck	Muck	0.7125522494316101
16	SS064	SS011	Muck	Muck	0.7252783179283142
17	SS064	SS019	Muck	Muck	0.6532977223396301
18	SS064	SS028	Muck	Muck	0.6137300133705139
19	SS064	SS040	Muck	Muck	0.5168790221214294
20	SS064	SS052	Muck	Muck	0.5126376748085022
21	SS076	SS007	Muck	Muck	0.7080000638961792
22	SS076	SS011	Muck	Muck	0.7213808298110962
23	SS076	SS019	Muck	Muck	0.6383377313613892
24	SS076	SS028	Muck	Muck	0.6142327189445496
25	SS076	SS040	Muck	Muck	0.5682727098464966
26	SS076	SS052	Muck	Muck	0.5196753740310669
27	SS076	SS064	Muck	Muck	0.5026270747184753
28	SS090	SS007	Muck	Muck	0.7197375297546387
29	SS090	SS011	Muck	Muck	0.6614861488342285
30	SS090	SS019	Muck	Muck	0.6409980654716492
31	SS090	SS028	Muck	Muck	0.7061461210250854
32	SS090	SS040	Muck	Muck	0.6590819358825684
33	SS090	SS052	Muck	Muck	0.6598183512687683
34	SS090	SS064	Muck	Muck	0.701489269733429
35	SS090	SS076	Muck	Muck	0.6758363842964172
36	SS095	SS007	Muck	Muck	0.6993740200996399
37	SS095	SS011	Muck	Muck	0.5635887980461121
38	SS095	SS019	Muck	Muck	0.7768822908401489
39	SS095	SS028	Muck	Muck	0.7072483897209167
40	SS095	SS040	Muck	Muck	0.6564304828643799
41	SS095	SS052	Muck	Muck	0.7358075976371765
42	SS095	SS064	Muck	Muck	0.7282716631889343
43	SS095	SS076	Muck	Muck	0.7273876667022705
44	SS095	SS090	Muck	Muck	0.7257429957389832
45	SS007	SS051	Muck	Newborn	0.6561442017555237
46	SS007	SS055	Muck	Newborn	0.6267621517181396
47	SS011	SS051	Muck	Newborn	0.6879626512527466
48	SS011	SS055	Muck	Newborn	0.7221129536628723
49	SS019	SS051	Muck	Newborn	0.7662894129753113
50	SS019	SS055	Muck	Newborn	0.7049285173416138
51	SS028	SS051	Muck	Newborn	0.6421586871147156
52	SS028	SS055	Muck	Newborn	0.7087848782539368
53	SS040	SS051	Muck	Newborn	0.6196975111961365
54	SS040	SS055	Muck	Newborn	0.6668190956115723
55	SS052	SS051	Muck	Newborn	0.7197327017784119
56	SS052	SS055	Muck	Newborn	0.690955400466919
57	SS064	SS051	Muck	Newborn	0.6891348958015442
58	SS064	SS055	Muck	Newborn	0.6938121914863586
59	SS076	SS051	Muck	Newborn	0.6424493193626404
60	SS076	SS055	Muck	Newborn	0.7126187682151794
61	SS090	SS051	Muck	Newborn	0.751769483089447
62	SS090	SS055	Muck	Newborn	0.6504165530204773
63	SS095	SS051	Muck	Newborn	0.6376150250434875
64	SS095	SS055	Muck	Newborn	0.6810492873191833
65	SS007	SS004	Muck	Sterile	0.7478716969490051
66	SS007	SS016	Muck	Sterile	0.7200454473495483
67	SS007	SS023	Muck	Sterile	0.7102749347686768
68	SS007	SS031	Muck	Sterile	0.7428350448608398
69	SS007	SS043	Muck	Sterile	0.7068125009536743
70	SS007	SS047	Muck	Sterile	0.735579788684845
71	SS007	SS054	Muck	Sterile	0.4666004180908203
72	SS007	SS059	Muck	Sterile	0.7399579286575317
73	SS007	SS063	Muck	Sterile	0.7330326437950134
74	SS007	SS066	Muck	Sterile	0.6060300469398499
75	SS007	SS070	Muck	Sterile	0.6253209710121155
76	SS007	SS071	Muck	Sterile	0.7338923811912537
77	SS007	SS075	Muck	Sterile	0.7330920696258545
78	SS007	SS078	Muck	Sterile	0.4972927570343018
79	SS007	SS082	Muck	Sterile	0.698861837387085
80	SS007	SS083	Muck	Sterile	0.7374230027198792
81	SS007	SS087	Muck	Sterile	0.7524887919425964
82	SS007	SS094	Muck	Sterile	0.889703631401062
83	SS011	SS004	Muck	Sterile	0.6820521354675293
84	SS011	SS016	Muck	Sterile	0.6653265953063965
85	SS011	SS023	Muck	Sterile	0.7016469836235046
86	SS011	SS031	Muck	Sterile	0.670116662979126
87	SS011	SS043	Muck	Sterile	0.6882460117340088
88	SS011	SS047	Muck	Sterile	0.6457394957542419
89	SS011	SS054	Muck	Sterile	0.7438426613807678
90	SS011	SS059	Muck	Sterile	0.6356605887413025
91	SS011	SS063	Muck	Sterile	0.665666937828064
92	SS011	SS066	Muck	Sterile	0.6638767719268799
93	SS011	SS070	Muck	Sterile	0.7318965792655945
94	SS011	SS071	Muck	Sterile	0.6475125551223755
95	SS011	SS075	Muck	Sterile	0.6089210510253906
96	SS011	SS078	Muck	Sterile	0.7597904801368713
97	SS011	SS082	Muck	Sterile	0.7348331212997437
98	SS011	SS083	Muck	Sterile	0.6609508991241455
99	SS011	SS087	Muck	Sterile	0.6538631319999695
100	SS011	SS094	Muck	Sterile	0.8011177182197571
101	SS019	SS004	Muck	Sterile	0.780106782913208
102	SS019	SS016	Muck	Sterile	0.7642117738723755
103	SS019	SS023	Muck	Sterile	0.7479069828987122
104	SS019	SS031	Muck	Sterile	0.7979108095169067
105	SS019	SS043	Muck	Sterile	0.7406542897224426
106	SS019	SS047	Muck	Sterile	0.7729569673538208
107	SS019	SS054	Muck	Sterile	0.7143929600715637
108	SS019	SS059	Muck	Sterile	0.7718607783317566
109	SS019	SS063	Muck	Sterile	0.7629321813583374
110	SS019	SS066	Muck	Sterile	0.7116782069206238
111	SS019	SS070	Muck	Sterile	0.7350499629974365
112	SS019	SS071	Muck	Sterile	0.7688559293746948
113	SS019	SS075	Muck	Sterile	0.7787994146347046
114	SS019	SS078	Muck	Sterile	0.7049371600151062
115	SS019	SS082	Muck	Sterile	0.7480162382125854
116	SS019	SS083	Muck	Sterile	0.7753726243972778
117	SS019	SS087	Muck	Sterile	0.7859899997711182
118	SS019	SS094	Muck	Sterile	0.8021819591522217
119	SS028	SS004	Muck	Sterile	0.6004770398139954
120	SS028	SS016	Muck	Sterile	0.5902649164199829
121	SS028	SS023	Muck	Sterile	0.7646098136901855
122	SS028	SS031	Muck	Sterile	0.6518877744674683
123	SS028	SS043	Muck	Sterile	0.6461775898933411
124	SS028	SS047	Muck	Sterile	0.6612501740455627
125	SS028	SS054	Muck	Sterile	0.7319561839103699
126	SS028	SS059	Muck	Sterile	0.6990261673927307
127	SS028	SS063	Muck	Sterile	0.6531638503074646
128	SS028	SS066	Muck	Sterile	0.6234817504882812
129	SS028	SS070	Muck	Sterile	0.7090386152267456
130	SS028	SS071	Muck	Sterile	0.7107056975364685
131	SS028	SS075	Muck	Sterile	0.6298755407333374
132	SS028	SS078	Muck	Sterile	0.7337294816970825
133	SS028	SS082	Muck	Sterile	0.7110737562179565
134	SS028	SS083	Muck	Sterile	0.712225079536438
135	SS028	SS087	Muck	Sterile	0.6169530153274536
136	SS028	SS094	Muck	Sterile	0.8325522541999817
137	SS040	SS004	Muck	Sterile	0.5915217399597168
138	SS040	SS016	Muck	Sterile	0.5734754800796509
139	SS040	SS023	Muck	Sterile	0.7207998037338257
140	SS040	SS031	Muck	Sterile	0.6739691495895386
141	SS040	SS043	Muck	Sterile	0.6180663704872131
142	SS040	SS047	Muck	Sterile	0.6330966949462891
143	SS040	SS054	Muck	Sterile	0.6791768074035645
144	SS040	SS059	Muck	Sterile	0.6638345718383789
145	SS040	SS063	Muck	Sterile	0.6180375814437866
146	SS040	SS066	Muck	Sterile	0.6057479977607727
147	SS040	SS070	Muck	Sterile	0.6211966872215271
148	SS040	SS071	Muck	Sterile	0.65432208776474
149	SS040	SS075	Muck	Sterile	0.5943759083747864
150	SS040	SS078	Muck	Sterile	0.7038343548774719
151	SS040	SS082	Muck	Sterile	0.6460751891136169
152	SS040	SS083	Muck	Sterile	0.6638293862342834
153	SS040	SS087	Muck	Sterile	0.6125932335853577
154	SS040	SS094	Muck	Sterile	0.7701449394226074
155	SS052	SS004	Muck	Sterile	0.7055090665817261
156	SS052	SS016	Muck	Sterile	0.6503681540489197
157	SS052	SS023	Muck	Sterile	0.7479931116104126
158	SS052	SS031	Muck	Sterile	0.7514150738716125
159	SS052	SS043	Muck	Sterile	0.6919198632240295
160	SS052	SS047	Muck	Sterile	0.7159163951873779
161	SS052	SS054	Muck	Sterile	0.7279417514801025
162	SS052	SS059	Muck	Sterile	0.7424355149269104
163	SS052	SS063	Muck	Sterile	0.6871023774147034
164	SS052	SS066	Muck	Sterile	0.6579254865646362
165	SS052	SS070	Muck	Sterile	0.7216659188270569
166	SS052	SS071	Muck	Sterile	0.7297515869140625
167	SS052	SS075	Muck	Sterile	0.6884417533874512
168	SS052	SS078	Muck	Sterile	0.7224252223968506
169	SS052	SS082	Muck	Sterile	0.7112815976142883
170	SS052	SS083	Muck	Sterile	0.7240176200866699
171	SS052	SS087	Muck	Sterile	0.6945468187332153
172	SS052	SS094	Muck	Sterile	0.778193473815918
173	SS064	SS004	Muck	Sterile	0.6998199224472046
174	SS064	SS016	Muck	Sterile	0.658567488193512
175	SS064	SS023	Muck	Sterile	0.7427787184715271
176	SS064	SS031	Muck	Sterile	0.7394946217536926
177	SS064	SS043	Muck	Sterile	0.6747826933860779
178	SS064	SS047	Muck	Sterile	0.7192063927650452
179	SS064	SS054	Muck	Sterile	0.7008190751075745
180	SS064	SS059	Muck	Sterile	0.7216588258743286
181	SS064	SS063	Muck	Sterile	0.6874950528144836
182	SS064	SS066	Muck	Sterile	0.6527994871139526
183	SS064	SS070	Muck	Sterile	0.6854523420333862
184	SS064	SS071	Muck	Sterile	0.7077445387840271
185	SS064	SS075	Muck	Sterile	0.6673067212104797
186	SS064	SS078	Muck	Sterile	0.7137104868888855
187	SS064	SS082	Muck	Sterile	0.7267196774482727
188	SS064	SS083	Muck	Sterile	0.7082056999206543
189	SS064	SS087	Muck	Sterile	0.673130214214325
190	SS064	SS094	Muck	Sterile	0.7856380939483643
191	SS076	SS004	Muck	Sterile	0.6863959431648254
192	SS076	SS016	Muck	Sterile	0.6558754444122314
193	SS076	SS023	Muck	Sterile	0.7474463582038879
194	SS076	SS031	Muck	Sterile	0.6645630598068237
195	SS076	SS043	Muck	Sterile	0.6812417507171631
196	SS076	SS047	Muck	Sterile	0.7032265663146973
197	SS076	SS054	Muck	Sterile	0.7181581854820251
198	SS076	SS059	Muck	Sterile	0.71382075548172
199	SS076	SS063	Muck	Sterile	0.6940827369689941
200	SS076	SS066	Muck	Sterile	0.6364615559577942
201	SS076	SS070	Muck	Sterile	0.7227832674980164
202	SS076	SS071	Muck	Sterile	0.7083448767662048
203	SS076	SS075	Muck	Sterile	0.6698408126831055
204	SS076	SS078	Muck	Sterile	0.6993014216423035
205	SS076	SS082	Muck	Sterile	0.7286908626556396
206	SS076	SS083	Muck	Sterile	0.7088834047317505
207	SS076	SS087	Muck	Sterile	0.6601036190986633
208	SS076	SS094	Muck	Sterile	0.7934094071388245
209	SS090	SS004	Muck	Sterile	0.7456436157226562
210	SS090	SS016	Muck	Sterile	0.7045549750328064
211	SS090	SS023	Muck	Sterile	0.7301532030105591
212	SS090	SS031	Muck	Sterile	0.7342786192893982
213	SS090	SS043	Muck	Sterile	0.7045780420303345
214	SS090	SS047	Muck	Sterile	0.7258802652359009
215	SS090	SS054	Muck	Sterile	0.7127507925033569
216	SS090	SS059	Muck	Sterile	0.7168298363685608
217	SS090	SS063	Muck	Sterile	0.7160078883171082
218	SS090	SS066	Muck	Sterile	0.6637348532676697
219	SS090	SS070	Muck	Sterile	0.7449131011962891
220	SS090	SS071	Muck	Sterile	0.7442265152931213
221	SS090	SS075	Muck	Sterile	0.7301453351974487
222	SS090	SS078	Muck	Sterile	0.705613911151886
223	SS090	SS082	Muck	Sterile	0.7033853530883789
224	SS090	SS083	Muck	Sterile	0.7486204504966736
225	SS090	SS087	Muck	Sterile	0.7305269241333008
226	SS090	SS094	Muck	Sterile	0.7668033242225647
227	SS095	SS004	Muck	Sterile	0.6188891530036926
228	SS095	SS016	Muck	Sterile	0.6097012758255005
229	SS095	SS023	Muck	Sterile	0.7093153595924377
230	SS095	SS031	Muck	Sterile	0.6544733047485352
231	SS095	SS043	Muck	Sterile	0.6490563154220581
232	SS095	SS047	Muck	Sterile	0.6139549612998962
233	SS095	SS054	Muck	Sterile	0.6761642694473267
234	SS095	SS059	Muck	Sterile	0.6294973492622375
235	SS095	SS063	Muck	Sterile	0.6191047430038452
236	SS095	SS066	Muck	Sterile	0.6317404508590698
237	SS095	SS070	Muck	Sterile	0.6378983855247498
238	SS095	SS071	Muck	Sterile	0.6131068468093872
239	SS095	SS075	Muck	Sterile	0.604947030544281
240	SS095	SS078	Muck	Sterile	0.6940371990203857
241	SS095	SS082	Muck	Sterile	0.6727176904678345
242	SS095	SS083	Muck	Sterile	0.6516052484512329
243	SS095	SS087	Muck	Sterile	0.6374470591545105
244	SS095	SS094	Muck	Sterile	0.8312071561813354
0	SS055	SS051	Newborn	Newborn	0.5603209137916565
1	SS051	SS007	Newborn	Muck	0.6561442017555237
2	SS051	SS011	Newborn	Muck	0.6879626512527466
3	SS051	SS019	Newborn	Muck	0.7662894129753113
4	SS051	SS028	Newborn	Muck	0.6421586871147156
5	SS051	SS040	Newborn	Muck	0.6196975111961365
6	SS051	SS052	Newborn	Muck	0.7197327017784119
7	SS051	SS064	Newborn	Muck	0.6891348958015442
8	SS051	SS076	Newborn	Muck	0.6424493193626404
9	SS051	SS090	Newborn	Muck	0.751769483089447
10	SS051	SS095	Newborn	Muck	0.6376150250434875
11	SS055	SS007	Newborn	Muck	0.6267621517181396
12	SS055	SS011	Newborn	Muck	0.7221129536628723
13	SS055	SS019	Newborn	Muck	0.7049285173416138
14	SS055	SS028	Newborn	Muck	0.7087848782539368
15	SS055	SS040	Newborn	Muck	0.6668190956115723
16	SS055	SS052	Newborn	Muck	0.690955400466919
17	SS055	SS064	Newborn	Muck	0.6938121914863586
18	SS055	SS076	Newborn	Muck	0.7126187682151794
19	SS055	SS090	Newborn	Muck	0.6504165530204773
20	SS055	SS095	Newborn	Muck	0.6810492873191833
21	SS051	SS004	Newborn	Sterile	0.5833671689033508
22	SS051	SS016	Newborn	Sterile	0.5050365328788757
23	SS051	SS023	Newborn	Sterile	0.6461109519004822
24	SS051	SS031	Newborn	Sterile	0.5312440395355225
25	SS051	SS043	Newborn	Sterile	0.555402398109436
26	SS051	SS047	Newborn	Sterile	0.5605428218841553
27	SS051	SS054	Newborn	Sterile	0.6251300573348999
28	SS051	SS059	Newborn	Sterile	0.5635496377944946
29	SS051	SS063	Newborn	Sterile	0.5470739603042603
30	SS051	SS066	Newborn	Sterile	0.5127637386322021
31	SS051	SS070	Newborn	Sterile	0.5332326889038086
32	SS051	SS071	Newborn	Sterile	0.5099771022796631
33	SS051	SS075	Newborn	Sterile	0.4691720604896545
34	SS051	SS078	Newborn	Sterile	0.6071919202804565
35	SS051	SS082	Newborn	Sterile	0.5997373461723328
36	SS051	SS083	Newborn	Sterile	0.5234749913215637
37	SS051	SS087	Newborn	Sterile	0.53819739818573
38	SS051	SS094	Newborn	Sterile	0.8435212969779968
39	SS055	SS004	Newborn	Sterile	0.6397809386253357
40	SS055	SS016	Newborn	Sterile	0.4998770952224731
41	SS055	SS023	Newborn	Sterile	0.6138795614242554
42	SS055	SS031	Newborn	Sterile	0.6298500299453735
43	SS055	SS043	Newborn	Sterile	0.4691704511642456
44	SS055	SS047	Newborn	Sterile	0.5782456398010254
45	SS055	SS054	Newborn	Sterile	0.5043301582336426
46	SS055	SS059	Newborn	Sterile	0.5772062540054321
47	SS055	SS063	Newborn	Sterile	0.5320975184440613
48	SS055	SS066	Newborn	Sterile	0.4037178754806519
49	SS055	SS070	Newborn	Sterile	0.6077998876571655
50	SS055	SS071	Newborn	Sterile	0.5206568241119385
51	SS055	SS075	Newborn	Sterile	0.5436089634895325
52	SS055	SS078	Newborn	Sterile	0.4959827959537506
53	SS055	SS082	Newborn	Sterile	0.5762456059455872
54	SS055	SS083	Newborn	Sterile	0.5360619425773621
55	SS055	SS087	Newborn	Sterile	0.5448072552680969
56	SS055	SS094	Newborn	Sterile	0.7817657589912415
0	SS016	SS004	Sterile	Sterile	0.4458730518817902
1	SS023	SS004	Sterile	Sterile	0.7367122769355774
2	SS023	SS016	Sterile	Sterile	0.6774994730949402
3	SS031	SS004	Sterile	Sterile	0.4546845257282257
4	SS031	SS016	Sterile	Sterile	0.5197067856788635
5	SS031	SS023	Sterile	Sterile	0.732288658618927
6	SS043	SS004	Sterile	Sterile	0.504849910736084
7	SS043	SS016	Sterile	Sterile	0.3596678674221039
8	SS043	SS023	Sterile	Sterile	0.6596669554710388
9	SS043	SS031	Sterile	Sterile	0.51323002576828
10	SS047	SS004	Sterile	Sterile	0.3783155977725983
11	SS047	SS016	Sterile	Sterile	0.4847611784934998
12	SS047	SS023	Sterile	Sterile	0.6660199761390686
13	SS047	SS031	Sterile	Sterile	0.4811955690383911
14	SS047	SS043	Sterile	Sterile	0.4945492446422577
15	SS054	SS004	Sterile	Sterile	0.6761054396629333
16	SS054	SS016	Sterile	Sterile	0.6450785398483276
17	SS054	SS023	Sterile	Sterile	0.6237946152687073
18	SS054	SS031	Sterile	Sterile	0.7067016959190369
19	SS054	SS043	Sterile	Sterile	0.6288984417915344
20	SS054	SS047	Sterile	Sterile	0.6203588843345642
21	SS059	SS004	Sterile	Sterile	0.4686140120029449
22	SS059	SS016	Sterile	Sterile	0.499410480260849
23	SS059	SS023	Sterile	Sterile	0.6425326466560364
24	SS059	SS031	Sterile	Sterile	0.5073004961013794
25	SS059	SS043	Sterile	Sterile	0.4771599471569061
26	SS059	SS047	Sterile	Sterile	0.2754255533218384
27	SS059	SS054	Sterile	Sterile	0.6143193244934082
28	SS063	SS004	Sterile	Sterile	0.4815056324005127
29	SS063	SS016	Sterile	Sterile	0.2936646044254303
30	SS063	SS023	Sterile	Sterile	0.6616318225860596
31	SS063	SS031	Sterile	Sterile	0.5274288058280945
32	SS063	SS043	Sterile	Sterile	0.2600372433662415
33	SS063	SS047	Sterile	Sterile	0.4891405999660492
34	SS063	SS054	Sterile	Sterile	0.6496277451515198
35	SS063	SS059	Sterile	Sterile	0.4844330549240112
36	SS066	SS004	Sterile	Sterile	0.4894377887248993
37	SS066	SS016	Sterile	Sterile	0.3958912789821625
38	SS066	SS023	Sterile	Sterile	0.6351199746131897
39	SS066	SS031	Sterile	Sterile	0.5037893056869507
40	SS066	SS043	Sterile	Sterile	0.3224934637546539
41	SS066	SS047	Sterile	Sterile	0.464173287153244
42	SS066	SS054	Sterile	Sterile	0.509279191493988
43	SS066	SS059	Sterile	Sterile	0.4827387928962708
44	SS066	SS063	Sterile	Sterile	0.3539231419563293
45	SS070	SS004	Sterile	Sterile	0.6043403744697571
46	SS070	SS016	Sterile	Sterile	0.5810150504112244
47	SS070	SS023	Sterile	Sterile	0.6814497709274292
48	SS070	SS031	Sterile	Sterile	0.6570643782615662
49	SS070	SS043	Sterile	Sterile	0.5637162327766418
50	SS070	SS047	Sterile	Sterile	0.5774024724960327
51	SS070	SS054	Sterile	Sterile	0.5397112369537354
52	SS070	SS059	Sterile	Sterile	0.5937162041664124
53	SS070	SS063	Sterile	Sterile	0.5960212349891663
54	SS070	SS066	Sterile	Sterile	0.5499213337898254
55	SS071	SS004	Sterile	Sterile	0.5155898332595825
56	SS071	SS016	Sterile	Sterile	0.4658413231372833
57	SS071	SS023	Sterile	Sterile	0.6378283500671387
58	SS071	SS031	Sterile	Sterile	0.5600724220275879
59	SS071	SS043	Sterile	Sterile	0.4965904951095581
60	SS071	SS047	Sterile	Sterile	0.2995949685573578
61	SS071	SS054	Sterile	Sterile	0.6071230173110962
62	SS071	SS059	Sterile	Sterile	0.3130155503749847
63	SS071	SS063	Sterile	Sterile	0.4902451932430267
64	SS071	SS066	Sterile	Sterile	0.4792002141475677
65	SS071	SS070	Sterile	Sterile	0.559413492679596
66	SS075	SS004	Sterile	Sterile	0.4197244644165039
67	SS075	SS016	Sterile	Sterile	0.355882316827774
68	SS075	SS023	Sterile	Sterile	0.6462634801864624
69	SS075	SS031	Sterile	Sterile	0.4694710373878479
70	SS075	SS043	Sterile	Sterile	0.4056514501571655
71	SS075	SS047	Sterile	Sterile	0.4275816679000854
72	SS075	SS054	Sterile	Sterile	0.6447039246559143
73	SS075	SS059	Sterile	Sterile	0.4067606329917908
74	SS075	SS063	Sterile	Sterile	0.3587208390235901
75	SS075	SS066	Sterile	Sterile	0.3634166717529297
76	SS075	SS070	Sterile	Sterile	0.6063432097434998
77	SS075	SS071	Sterile	Sterile	0.3856326639652252
78	SS078	SS004	Sterile	Sterile	0.634665846824646
79	SS078	SS016	Sterile	Sterile	0.5864752531051636
80	SS078	SS023	Sterile	Sterile	0.6935057640075684
81	SS078	SS031	Sterile	Sterile	0.7191119194030762
82	SS078	SS043	Sterile	Sterile	0.539844810962677
83	SS078	SS047	Sterile	Sterile	0.6394923329353333
84	SS078	SS054	Sterile	Sterile	0.4263871610164642
85	SS078	SS059	Sterile	Sterile	0.643791675567627
86	SS078	SS063	Sterile	Sterile	0.5612098574638367
87	SS078	SS066	Sterile	Sterile	0.4882760047912598
88	SS078	SS070	Sterile	Sterile	0.5687308311462402
89	SS078	SS071	Sterile	Sterile	0.6324894428253174
90	SS078	SS075	Sterile	Sterile	0.634597897529602
91	SS082	SS004	Sterile	Sterile	0.6304050087928772
92	SS082	SS016	Sterile	Sterile	0.5756643414497375
93	SS082	SS023	Sterile	Sterile	0.6756880283355713
94	SS082	SS031	Sterile	Sterile	0.6717334389686584
95	SS082	SS043	Sterile	Sterile	0.5562355518341064
96	SS082	SS047	Sterile	Sterile	0.5932919979095459
97	SS082	SS054	Sterile	Sterile	0.6011669039726257
98	SS082	SS059	Sterile	Sterile	0.5828834772109985
99	SS082	SS063	Sterile	Sterile	0.5696445107460022
100	SS082	SS066	Sterile	Sterile	0.5543047189712524
101	SS082	SS070	Sterile	Sterile	0.4028437733650208
102	SS082	SS071	Sterile	Sterile	0.5816720128059387
103	SS082	SS075	Sterile	Sterile	0.6055560111999512
104	SS082	SS078	Sterile	Sterile	0.5912075638771057
105	SS083	SS004	Sterile	Sterile	0.487235426902771
106	SS083	SS016	Sterile	Sterile	0.4438022971153259
107	SS083	SS023	Sterile	Sterile	0.6519002914428711
108	SS083	SS031	Sterile	Sterile	0.5281813144683838
109	SS083	SS043	Sterile	Sterile	0.4869658648967743
110	SS083	SS047	Sterile	Sterile	0.3494995534420013
111	SS083	SS054	Sterile	Sterile	0.6262381672859192
112	SS083	SS059	Sterile	Sterile	0.358453243970871
113	SS083	SS063	Sterile	Sterile	0.4694116711616516
114	SS083	SS066	Sterile	Sterile	0.436308354139328
115	SS083	SS070	Sterile	Sterile	0.582868218421936
116	SS083	SS071	Sterile	Sterile	0.2538304328918457
117	SS083	SS075	Sterile	Sterile	0.3960539996623993
118	SS083	SS078	Sterile	Sterile	0.6273444890975952
119	SS083	SS082	Sterile	Sterile	0.5659710168838501
120	SS087	SS004	Sterile	Sterile	0.4300604462623596
121	SS087	SS016	Sterile	Sterile	0.3009275496006012
122	SS087	SS023	Sterile	Sterile	0.6917179226875305
123	SS087	SS031	Sterile	Sterile	0.4950307607650757
124	SS087	SS043	Sterile	Sterile	0.4280710518360138
125	SS087	SS047	Sterile	Sterile	0.4531677663326263
126	SS087	SS054	Sterile	Sterile	0.6697834730148315
127	SS087	SS059	Sterile	Sterile	0.4718163013458252
128	SS087	SS063	Sterile	Sterile	0.3774348497390747
129	SS087	SS066	Sterile	Sterile	0.4085319340229034
130	SS087	SS070	Sterile	Sterile	0.6113697290420532
131	SS087	SS071	Sterile	Sterile	0.4341209530830383
132	SS087	SS075	Sterile	Sterile	0.3138852417469025
133	SS087	SS078	Sterile	Sterile	0.6461232900619507
134	SS087	SS082	Sterile	Sterile	0.5914363861083984
135	SS087	SS083	Sterile	Sterile	0.4112283885478973
136	SS094	SS004	Sterile	Sterile	0.8480764031410217
137	SS094	SS016	Sterile	Sterile	0.7851932048797607
138	SS094	SS023	Sterile	Sterile	0.791215181350708
139	SS094	SS031	Sterile	Sterile	0.8568693399429321
140	SS094	SS043	Sterile	Sterile	0.7594585418701172
141	SS094	SS047	Sterile	Sterile	0.8227413892745972
142	SS094	SS054	Sterile	Sterile	0.8570034503936768
143	SS094	SS059	Sterile	Sterile	0.8151310086250305
144	SS094	SS063	Sterile	Sterile	0.7619286179542542
145	SS094	SS066	Sterile	Sterile	0.786681592464447
146	SS094	SS070	Sterile	Sterile	0.8411387205123901
147	SS094	SS071	Sterile	Sterile	0.8086888194084167
148	SS094	SS075	Sterile	Sterile	0.809146523475647
149	SS094	SS078	Sterile	Sterile	0.8228757977485657
150	SS094	SS082	Sterile	Sterile	0.8094757795333862
151	SS094	SS083	Sterile	Sterile	0.8027331829071045
152	SS094	SS087	Sterile	Sterile	0.8172091245651245
153	SS004	SS007	Sterile	Muck	0.7478716969490051
154	SS004	SS011	Sterile	Muck	0.6820521354675293
155	SS004	SS019	Sterile	Muck	0.780106782913208
156	SS004	SS028	Sterile	Muck	0.6004770398139954
157	SS004	SS040	Sterile	Muck	0.5915217399597168
158	SS004	SS052	Sterile	Muck	0.7055090665817261
159	SS004	SS064	Sterile	Muck	0.6998199224472046
160	SS004	SS076	Sterile	Muck	0.6863959431648254
161	SS004	SS090	Sterile	Muck	0.7456436157226562
162	SS004	SS095	Sterile	Muck	0.6188891530036926
163	SS016	SS007	Sterile	Muck	0.7200454473495483
164	SS016	SS011	Sterile	Muck	0.6653265953063965
165	SS016	SS019	Sterile	Muck	0.7642117738723755
166	SS016	SS028	Sterile	Muck	0.5902649164199829
167	SS016	SS040	Sterile	Muck	0.5734754800796509
168	SS016	SS052	Sterile	Muck	0.6503681540489197
169	SS016	SS064	Sterile	Muck	0.658567488193512
170	SS016	SS076	Sterile	Muck	0.6558754444122314
171	SS016	SS090	Sterile	Muck	0.7045549750328064
172	SS016	SS095	Sterile	Muck	0.6097012758255005
173	SS023	SS007	Sterile	Muck	0.7102749347686768
174	SS023	SS011	Sterile	Muck	0.7016469836235046
175	SS023	SS019	Sterile	Muck	0.7479069828987122
176	SS023	SS028	Sterile	Muck	0.7646098136901855
177	SS023	SS040	Sterile	Muck	0.7207998037338257
178	SS023	SS052	Sterile	Muck	0.7479931116104126
179	SS023	SS064	Sterile	Muck	0.7427787184715271
180	SS023	SS076	Sterile	Muck	0.7474463582038879
181	SS023	SS090	Sterile	Muck	0.7301532030105591
182	SS023	SS095	Sterile	Muck	0.7093153595924377
183	SS031	SS007	Sterile	Muck	0.7428350448608398
184	SS031	SS011	Sterile	Muck	0.670116662979126
185	SS031	SS019	Sterile	Muck	0.7979108095169067
186	SS031	SS028	Sterile	Muck	0.6518877744674683
187	SS031	SS040	Sterile	Muck	0.6739691495895386
188	SS031	SS052	Sterile	Muck	0.7514150738716125
189	SS031	SS064	Sterile	Muck	0.7394946217536926
190	SS031	SS076	Sterile	Muck	0.6645630598068237
191	SS031	SS090	Sterile	Muck	0.7342786192893982
192	SS031	SS095	Sterile	Muck	0.6544733047485352
193	SS043	SS007	Sterile	Muck	0.7068125009536743
194	SS043	SS011	Sterile	Muck	0.6882460117340088
195	SS043	SS019	Sterile	Muck	0.7406542897224426
196	SS043	SS028	Sterile	Muck	0.6461775898933411
197	SS043	SS040	Sterile	Muck	0.6180663704872131
198	SS043	SS052	Sterile	Muck	0.6919198632240295
199	SS043	SS064	Sterile	Muck	0.6747826933860779
200	SS043	SS076	Sterile	Muck	0.6812417507171631
201	SS043	SS090	Sterile	Muck	0.7045780420303345
202	SS043	SS095	Sterile	Muck	0.6490563154220581
203	SS047	SS007	Sterile	Muck	0.735579788684845
204	SS047	SS011	Sterile	Muck	0.6457394957542419
205	SS047	SS019	Sterile	Muck	0.7729569673538208
206	SS047	SS028	Sterile	Muck	0.6612501740455627
207	SS047	SS040	Sterile	Muck	0.6330966949462891
208	SS047	SS052	Sterile	Muck	0.7159163951873779
209	SS047	SS064	Sterile	Muck	0.7192063927650452
210	SS047	SS076	Sterile	Muck	0.7032265663146973
211	SS047	SS090	Sterile	Muck	0.7258802652359009
212	SS047	SS095	Sterile	Muck	0.6139549612998962
213	SS054	SS007	Sterile	Muck	0.4666004180908203
214	SS054	SS011	Sterile	Muck	0.7438426613807678
215	SS054	SS019	Sterile	Muck	0.7143929600715637
216	SS054	SS028	Sterile	Muck	0.7319561839103699
217	SS054	SS040	Sterile	Muck	0.6791768074035645
218	SS054	SS052	Sterile	Muck	0.7279417514801025
219	SS054	SS064	Sterile	Muck	0.7008190751075745
220	SS054	SS076	Sterile	Muck	0.7181581854820251
221	SS054	SS090	Sterile	Muck	0.7127507925033569
222	SS054	SS095	Sterile	Muck	0.6761642694473267
223	SS059	SS007	Sterile	Muck	0.7399579286575317
224	SS059	SS011	Sterile	Muck	0.6356605887413025
225	SS059	SS019	Sterile	Muck	0.7718607783317566
226	SS059	SS028	Sterile	Muck	0.6990261673927307
227	SS059	SS040	Sterile	Muck	0.6638345718383789
228	SS059	SS052	Sterile	Muck	0.7424355149269104
229	SS059	SS064	Sterile	Muck	0.7216588258743286
230	SS059	SS076	Sterile	Muck	0.71382075548172
231	SS059	SS090	Sterile	Muck	0.7168298363685608
232	SS059	SS095	Sterile	Muck	0.6294973492622375
233	SS063	SS007	Sterile	Muck	0.7330326437950134
234	SS063	SS011	Sterile	Muck	0.665666937828064
235	SS063	SS019	Sterile	Muck	0.7629321813583374
236	SS063	SS028	Sterile	Muck	0.6531638503074646
237	SS063	SS040	Sterile	Muck	0.6180375814437866
238	SS063	SS052	Sterile	Muck	0.6871023774147034
239	SS063	SS064	Sterile	Muck	0.6874950528144836
240	SS063	SS076	Sterile	Muck	0.6940827369689941
241	SS063	SS090	Sterile	Muck	0.7160078883171082
242	SS063	SS095	Sterile	Muck	0.6191047430038452
243	SS066	SS007	Sterile	Muck	0.6060300469398499
244	SS066	SS011	Sterile	Muck	0.6638767719268799
245	SS066	SS019	Sterile	Muck	0.7116782069206238
246	SS066	SS028	Sterile	Muck	0.6234817504882812
247	SS066	SS040	Sterile	Muck	0.6057479977607727
248	SS066	SS052	Sterile	Muck	0.6579254865646362
249	SS066	SS064	Sterile	Muck	0.6527994871139526
250	SS066	SS076	Sterile	Muck	0.6364615559577942
251	SS066	SS090	Sterile	Muck	0.6637348532676697
252	SS066	SS095	Sterile	Muck	0.6317404508590698
253	SS070	SS007	Sterile	Muck	0.6253209710121155
254	SS070	SS011	Sterile	Muck	0.7318965792655945
255	SS070	SS019	Sterile	Muck	0.7350499629974365
256	SS070	SS028	Sterile	Muck	0.7090386152267456
257	SS070	SS040	Sterile	Muck	0.6211966872215271
258	SS070	SS052	Sterile	Muck	0.7216659188270569
259	SS070	SS064	Sterile	Muck	0.6854523420333862
260	SS070	SS076	Sterile	Muck	0.7227832674980164
261	SS070	SS090	Sterile	Muck	0.7449131011962891
262	SS070	SS095	Sterile	Muck	0.6378983855247498
263	SS071	SS007	Sterile	Muck	0.7338923811912537
264	SS071	SS011	Sterile	Muck	0.6475125551223755
265	SS071	SS019	Sterile	Muck	0.7688559293746948
266	SS071	SS028	Sterile	Muck	0.7107056975364685
267	SS071	SS040	Sterile	Muck	0.65432208776474
268	SS071	SS052	Sterile	Muck	0.7297515869140625
269	SS071	SS064	Sterile	Muck	0.7077445387840271
270	SS071	SS076	Sterile	Muck	0.7083448767662048
271	SS071	SS090	Sterile	Muck	0.7442265152931213
272	SS071	SS095	Sterile	Muck	0.6131068468093872
273	SS075	SS007	Sterile	Muck	0.7330920696258545
274	SS075	SS011	Sterile	Muck	0.6089210510253906
275	SS075	SS019	Sterile	Muck	0.7787994146347046
276	SS075	SS028	Sterile	Muck	0.6298755407333374
277	SS075	SS040	Sterile	Muck	0.5943759083747864
278	SS075	SS052	Sterile	Muck	0.6884417533874512
279	SS075	SS064	Sterile	Muck	0.6673067212104797
280	SS075	SS076	Sterile	Muck	0.6698408126831055
281	SS075	SS090	Sterile	Muck	0.7301453351974487
282	SS075	SS095	Sterile	Muck	0.604947030544281
283	SS078	SS007	Sterile	Muck	0.4972927570343018
284	SS078	SS011	Sterile	Muck	0.7597904801368713
285	SS078	SS019	Sterile	Muck	0.7049371600151062
286	SS078	SS028	Sterile	Muck	0.7337294816970825
287	SS078	SS040	Sterile	Muck	0.7038343548774719
288	SS078	SS052	Sterile	Muck	0.7224252223968506
289	SS078	SS064	Sterile	Muck	0.7137104868888855
290	SS078	SS076	Sterile	Muck	0.6993014216423035
291	SS078	SS090	Sterile	Muck	0.705613911151886
292	SS078	SS095	Sterile	Muck	0.6940371990203857
293	SS082	SS007	Sterile	Muck	0.698861837387085
294	SS082	SS011	Sterile	Muck	0.7348331212997437
295	SS082	SS019	Sterile	Muck	0.7480162382125854
296	SS082	SS028	Sterile	Muck	0.7110737562179565
297	SS082	SS040	Sterile	Muck	0.6460751891136169
298	SS082	SS052	Sterile	Muck	0.7112815976142883
299	SS082	SS064	Sterile	Muck	0.7267196774482727
300	SS082	SS076	Sterile	Muck	0.7286908626556396
301	SS082	SS090	Sterile	Muck	0.7033853530883789
302	SS082	SS095	Sterile	Muck	0.6727176904678345
303	SS083	SS007	Sterile	Muck	0.7374230027198792
304	SS083	SS011	Sterile	Muck	0.6609508991241455
305	SS083	SS019	Sterile	Muck	0.7753726243972778
306	SS083	SS028	Sterile	Muck	0.712225079536438
307	SS083	SS040	Sterile	Muck	0.6638293862342834
308	SS083	SS052	Sterile	Muck	0.7240176200866699
309	SS083	SS064	Sterile	Muck	0.7082056999206543
310	SS083	SS076	Sterile	Muck	0.7088834047317505
311	SS083	SS090	Sterile	Muck	0.7486204504966736
312	SS083	SS095	Sterile	Muck	0.6516052484512329
313	SS087	SS007	Sterile	Muck	0.7524887919425964
314	SS087	SS011	Sterile	Muck	0.6538631319999695
315	SS087	SS019	Sterile	Muck	0.7859899997711182
316	SS087	SS028	Sterile	Muck	0.6169530153274536
317	SS087	SS040	Sterile	Muck	0.6125932335853577
318	SS087	SS052	Sterile	Muck	0.6945468187332153
319	SS087	SS064	Sterile	Muck	0.673130214214325
320	SS087	SS076	Sterile	Muck	0.6601036190986633
321	SS087	SS090	Sterile	Muck	0.7305269241333008
322	SS087	SS095	Sterile	Muck	0.6374470591545105
323	SS094	SS007	Sterile	Muck	0.889703631401062
324	SS094	SS011	Sterile	Muck	0.8011177182197571
325	SS094	SS019	Sterile	Muck	0.8021819591522217
326	SS094	SS028	Sterile	Muck	0.8325522541999817
327	SS094	SS040	Sterile	Muck	0.7701449394226074
328	SS094	SS052	Sterile	Muck	0.778193473815918
329	SS094	SS064	Sterile	Muck	0.7856380939483643
330	SS094	SS076	Sterile	Muck	0.7934094071388245
331	SS094	SS090	Sterile	Muck	0.7668033242225647
332	SS094	SS095	Sterile	Muck	0.8312071561813354
333	SS004	SS051	Sterile	Newborn	0.5833671689033508
334	SS004	SS055	Sterile	Newborn	0.6397809386253357
335	SS016	SS051	Sterile	Newborn	0.5050365328788757
336	SS016	SS055	Sterile	Newborn	0.4998770952224731
337	SS023	SS051	Sterile	Newborn	0.6461109519004822
338	SS023	SS055	Sterile	Newborn	0.6138795614242554
339	SS031	SS051	Sterile	Newborn	0.5312440395355225
340	SS031	SS055	Sterile	Newborn	0.6298500299453735
341	SS043	SS051	Sterile	Newborn	0.555402398109436
342	SS043	SS055	Sterile	Newborn	0.4691704511642456
343	SS047	SS051	Sterile	Newborn	0.5605428218841553
344	SS047	SS055	Sterile	Newborn	0.5782456398010254
345	SS054	SS051	Sterile	Newborn	0.6251300573348999
346	SS054	SS055	Sterile	Newborn	0.5043301582336426
347	SS059	SS051	Sterile	Newborn	0.5635496377944946
348	SS059	SS055	Sterile	Newborn	0.5772062540054321
349	SS063	SS051	Sterile	Newborn	0.5470739603042603
350	SS063	SS055	Sterile	Newborn	0.5320975184440613
351	SS066	SS051	Sterile	Newborn	0.5127637386322021
352	SS066	SS055	Sterile	Newborn	0.4037178754806519
353	SS070	SS051	Sterile	Newborn	0.5332326889038086
354	SS070	SS055	Sterile	Newborn	0.6077998876571655
355	SS071	SS051	Sterile	Newborn	0.5099771022796631
356	SS071	SS055	Sterile	Newborn	0.5206568241119385
357	SS075	SS051	Sterile	Newborn	0.4691720604896545
358	SS075	SS055	Sterile	Newborn	0.5436089634895325
359	SS078	SS051	Sterile	Newborn	0.6071919202804565
360	SS078	SS055	Sterile	Newborn	0.4959827959537506
361	SS082	SS051	Sterile	Newborn	0.5997373461723328
362	SS082	SS055	Sterile	Newborn	0.5762456059455872
363	SS083	SS051	Sterile	Newborn	0.5234749913215637
364	SS083	SS055	Sterile	Newborn	0.5360619425773621
365	SS087	SS051	Sterile	Newborn	0.53819739818573
366	SS087	SS055	Sterile	Newborn	0.5448072552680969
367	SS094	SS051	Sterile	Newborn	0.8435212969779968
368	SS094	SS055	Sterile	Newborn	0.7817657589912415
