taxon	mean_sterile	mean_muck	U	p_value	q_value	log2FC_muck_over_sterile	short
d__Bacteria;p__Pseudomonadota;c__Gammaproteobacteria;o__Enterobacterales;f__Aeromonadaceae;g__Aeromonas	0.000014126954228668299	0.004045582334629107	45.5	0.00002834467120181406	0.0046485260770975055	7.092110144632101	Aeromonas
d__Bacteria;p__Actinomycetota;c__Actinobacteria;o__Micrococcales;f__Micrococcaceae;g__Paenarthrobacter	0.0009073065295963572	0	1	0.00002834467120181406	0.0046485260770975055	-5.883031825831721	Paenarthrobacter
d__Bacteria;p__Pseudomonadota;c__Alphaproteobacteria;o__Hyphomicrobiales;f__Beijerinckiaceae;g__Bosea	0.0006285491601330168	0.00007772554767195372	2	0.00011810279667422525	0.012396069538926682	-2.7865363509205814	Bosea
d__Bacteria;p__Pseudomonadota;c__Gammaproteobacteria;o__Burkholderiales;f__Comamonadaceae;g__Comamonas	0.015213550460307586	0.00019197281590663115	3	0.0001511715797430083	0.012396069538926682	-6.196807285239216	Comamonas
d__Bacteria;p__Bacteroidota;c__Bacteroidia;o__Chitinophagales;f__Chitinophagaceae;g__Dinghuibacter	0	0.00026232600282673766	41.5	0.00042517006802721087	0.023242630385487528	4.151689312725751	Dinghuibacter
d__Bacteria;p__Verrucomicrobiota;c__Verrucomicrobiia;o__Verrucomicrobiales;f__Rubritaleaceae;g__Luteolibacter	0	0.0002850716250212629	41.5	0.00042517006802721087	0.023242630385487528	4.265161932526643	Luteolibacter
d__Bacteria;p__Pseudomonadota;c__Alphaproteobacteria;o__Hyphomicrobiales;f__Rhizobiaceae;g__Brucella	0.0019515114915197986	0	6.5	0.0006944444444444445	0.03253968253968254	-6.974821806025853	Brucella
d__Bacteria;p__Pseudomonadota;c__Alphaproteobacteria;o__Acetobacterales;f__Acetobacteraceae;g__Roseomonas	0	0.00013229829779484698	38.5	0.0013227513227513227	0.040674603174603176	3.2417715633146256	Roseomonas
d__Bacteria;p__Bacteroidota;c__Bacteroidia;o__Flavobacteriales;f__Weeksellaceae;g__Chryseobacterium	0.00673945846876001	0.000005211590577444236	6.5	0.0014030612244897958	0.040674603174603176	-8.339749465940814	Chryseobacterium
d__Bacteria;p__Pseudomonadota;c__Gammaproteobacteria;o__Legionellales;f__Legionellaceae;g__Legionella	0	0.00008672682096687452	39	0.001488095238095238	0.040674603174603176	2.7105195162663027	Legionella
d__Bacteria;p__Bacteroidota;c__Bacteroidia;o__Bacteroidales;f__Tannerellaceae;g__Parabacteroides	0.0006182661135862954	0.0010670063025672717	41	0.001488095238095238	0.040674603174603176	0.7722219194707194	Parabacteroides
d__Bacteria;p__Bacteroidota;c__Bacteroidia;o__Sphingobacteriales;f__Sphingobacteriaceae;g__Pedobacter	0.000826672170626409	0	7	0.001488095238095238	0.040674603174603176	-5.7511396087924345	Pedobacter
d__Bacteria;p__Bacteroidota;c__Bacteroidia;o__Bacteroidales;__;__	0.035285769160431496	0.1900002414454965	42	0.0018660241874527588	0.04708122565265423	2.428322359873287	Bacteroidales (order)
d__Bacteria;p__Planctomycetota;c__Planctomycetes;o__Pirellulales;f__Pirellulaceae;g__Incertae_Sedis	0	0.00006677177931659153	38	0.0020833333333333333	0.04880952380952381	2.3976901383814893	Pirellulaceae (Incertae Sedis)
d__Bacteria;p__Planctomycetota;c__Planctomycetes;o__Pirellulales;f__Pirellulaceae;g__Pirellula	0	0.0003745175952830485	39	0.002551020408163265	0.052295918367346934	4.640839455444315	Pirellula
d__Bacteria;p__Pseudomonadota;c__Gammaproteobacteria;o__Steroidobacterales;f__Steroidobacteraceae;g__Incertae_Sedis	0	0.0001857380111911515	39	0.002551020408163265	0.052295918367346934	3.6866849169924323	Steroidobacteraceae (Incertae Sedis)
d__Bacteria;p__Pseudomonadota;c__Gammaproteobacteria;o__Enterobacterales;f__Morganellaceae;g__Morganella	0.07180681489311741	0.017691904396937137	6	0.003061224489795918	0.059063625450180075	-2.0200708715100006	Morganella
d__Bacteria;p__Bacillota;c__Clostridia;o__Lachnospirales;f__Lachnospiraceae;g__Tyzzerella	0.000011927806101584012	0.0004329179731532686	36.5	0.003968253968253968	0.07231040564373897	4.024290724485634	Tyzzerella
d__Bacteria;p__Pseudomonadota;c__Gammaproteobacteria;o__Burkholderiales;f__SC-I-84;g__Incertae_Sedis	0	0.00008654657301565699	36	0.007936507936507936	0.12202380952380952	2.707976946698904	SC-I-84 (Incertae Sedis)
d__Bacteria;p__Pseudomonadota;c__Gammaproteobacteria;o__Burkholderiales;f__Comamonadaceae;g__Delftia	0.00029909207766687715	0	10	0.008664021164021164	0.12202380952380952	-4.330905746720847	Delftia
d__Bacteria;p__Pseudomonadota;c__Alphaproteobacteria;o__Rhodobacterales;f__Paracoccaceae;g__Fuscovulum	0	0.0007148441583819633	36.5	0.008928571428571428	0.12202380952380952	5.545637302379981	Fuscovulum
d__Bacteria;p__Pseudomonadota;c__Alphaproteobacteria;o__Hyphomicrobiales;f__Hyphomicrobiales_Incertae_Sedis;g__Incertae_Sedis	0	0.0002831237927430158	36.5	0.008928571428571428	0.12202380952380952	4.25578657593686	Hyphomicrobiales Incertae Sedis (Incertae Sedis)
d__Bacteria;p__Chlamydiota;c__Chlamydiia;o__Chlamydiales;f__Parachlamydiaceae;__	0	0.00008893333605034369	36.5	0.008928571428571428	0.12202380952380952	2.741286691016127	Parachlamydiaceae (family)
d__Bacteria;p__Bacillota;c__Clostridia;o__Peptostreptococcales-Tissierellales;f__Peptostreptococcaceae;g__Proteocatella	0.000005536068594104308	0.0006850653806096874	36.5	0.008928571428571428	0.12202380952380952	5.048372096935552	Proteocatella
d__Bacteria;p__Chloroflexota;c__Anaerolineae;o__Anaerolineales;f__Anaerolineaceae;g__Incertae_Sedis	0	0.00005978273023496203	36	0.010416666666666666	0.13666666666666666	2.2698372156748334	Anaerolineaceae (Incertae Sedis)
d__Bacteria;p__Bacillota;c__Clostridia;o__Lachnospirales;f__Lachnospiraceae;g__Lachnoclostridium	0.003907217601948132	0.001050106512894207	9.5	0.011885865457294028	0.1382161753590325	-1.8800416888196534	Lachnoclostridium
d__Bacteria;p__Fusobacteriota;c__Fusobacteriia;o__Fusobacteriales;f__Fusobacteriaceae;g__Cetobacterium	0.08266169895595253	0.24192964752263352	39	0.012424414210128496	0.1382161753590325	1.549116991582171	Cetobacterium
d__Bacteria;p__Actinomycetota;c__Thermoleophilia;o__Gaiellales;f__Incertae_Sedis;g__Incertae_Sedis	0	0.00004059203991059739	33	0.0125	0.1382161753590325	1.8462232286045832	Gaiellales (Incertae Sedis)
d__Bacteria;p__Bacillota;c__Clostridia;o__Oscillospirales;f__Oscillospiraceae;g__Incertae_Sedis	0.002426298395415011	0.00047329855316784674	9	0.012575585789871504	0.1382161753590325	-2.3203042611209357	Oscillospiraceae (Incertae Sedis)
d__Bacteria;p__Bacillota;c__Clostridia;o__Lachnospirales;f__Lachnospiraceae;g__Faecalicatena	0.0014249710629231846	0.00015258492753989617	10.5	0.01264172335600907	0.1382161753590325	-3.098225600282034	Faecalicatena
d__Bacteria;p__Pseudomonadota;c__Gammaproteobacteria;o__Burkholderiales;f__Alcaligenaceae;g__Achromobacter	0.019782575851962518	0.004187084456779582	9.5	0.014871504157218444	0.15735010850218226	-2.235973937853082	Achromobacter
d__Bacteria;p__Pseudomonadota;c__Alphaproteobacteria;o__Sphingomonadales;f__Sphingomonadaceae;__	0.0005486794684601384	0.00000766166104811523	11.5	0.017431972789115645	0.1722689075630252	-4.598071024066864	Sphingomonadaceae (family)
d__Bacteria;p__Bacillota;c__Clostridia;o__Peptostreptococcales-Tissierellales;f__Anaerovoracaceae;g__[Eubacterium]_brachy_group	0	0.000144289155141242	33.5	0.017857142857142856	0.1722689075630252	3.3542097323505926	[Eubacterium] brachy group
d__Bacteria;p__Pseudomonadota;c__Alphaproteobacteria;o__Hyphomicrobiales;f__Hyphomicrobiaceae;g__Pedomicrobium	0	0.000026709894184920205	33.5	0.017857142857142856	0.1722689075630252	1.4371801973144211	Pedomicrobium
d__Bacteria;p__Pseudomonadota;c__Gammaproteobacteria;o__Lysobacterales;f__Lysobacteraceae;g__Stenotrophomonas	0.00023150229822773165	0	11.5	0.01974206349206349	0.18501133786848073	-3.982122124977601	Stenotrophomonas
d__Bacteria;p__Pseudomonadota;c__Alphaproteobacteria;o__Hyphomicrobiales;f__Beijerinckiaceae;g__Methylorubrum	0.00018862824285772044	0	12.5	0.022552910052910054	0.19523809523809524	-3.707243792829464	Methylorubrum
d__Bacteria;p__Planctomycetota;c__Planctomycetes;o__Gemmatales;f__Gemmataceae;g__Fimbriiglobus	0	0.00004984550263208129	34	0.023809523809523808	0.19523809523809524	2.066010283579775	Fimbriiglobus
d__Bacteria;p__Actinomycetota;c__Actinobacteria;o__PeM15;f__Incertae_Sedis;g__Incertae_Sedis	0	0.00010569208335834755	34	0.023809523809523808	0.19523809523809524	2.9557347776790883	PeM15 (Incertae Sedis)
d__Bacteria;p__Pseudomonadota;c__Gammaproteobacteria;o__Enterobacterales;f__Enterobacteriaceae;g__Plesiomonas	0.0009196874341289589	0.0004815522024266373	34	0.023809523809523808	0.19523809523809524	-0.9116692899929755	Plesiomonas
d__Bacteria;p__Bacillota;c__Desulfitobacteriia;o__Desulfitobacteriales;f__Incertae_Sedis;g__TC1	0	0.00020492580581771302	34	0.023809523809523808	0.19523809523809524	3.8179885713604116	TC1
d__Bacteria;p__Actinomycetota;c__Actinobacteria;o__Mycobacteriales;f__Mycobacteriaceae;g__Mycobacterium	0	0.00006754023521224337	30.5	0.025	0.19523809523809527	2.411080516179805	Mycobacterium
d__Bacteria;p__Patescibacteria;c__Saccharimonadia;o__Saccharimonadales;f__Incertae_Sedis;g__Incertae_Sedis	0	0.000013397099249179375	30.5	0.025	0.19523809523809527	0.8927024335667422	Saccharimonadales (Incertae Sedis)
d__Bacteria;p__Verrucomicrobiota;c__Verrucomicrobiia;o__Chthoniobacterales;f__Chthoniobacteraceae;g__LD29	0	0.00003635643054678102	33.5	0.027777777777777776	0.20911324125609843	1.7332411935030383	LD29
d__Bacteria;p__Pseudomonadota;c__Gammaproteobacteria;o__Pseudomonadales;f__Pseudomonadaceae;g__Pseudomonas	0.0004096516195318192	0.00330499430375955	37.5	0.028051776266061982	0.20911324125609843	2.964937687633701	Pseudomonas
d__Bacteria;p__Pseudomonadota;c__Gammaproteobacteria;o__Burkholderiales;__;__	0	0.0001243662170646881	34	0.03125	0.22282608695652173	3.162266282559474	Burkholderiales (order)
d__Bacteria;p__Chloroflexota;c__KD4-96;o__Incertae_Sedis;f__Incertae_Sedis;g__Incertae_Sedis	0	0.00006267700438042565	34	0.03125	0.22282608695652173	2.32416418051344	KD4-96 (Incertae Sedis)
d__Bacteria;p__Pseudomonadota;c__Alphaproteobacteria;o__Hyphomicrobiales;f__Beijerinckiaceae;g__Microvirga	0	0.00006043822043841402	30.5	0.03333333333333333	0.2326241134751773	2.2823215168064213	Microvirga
d__Bacteria;p__Bacillota;c__Clostridia;o__Lachnospirales;f__Lachnospiraceae;g__Enterocloster	0.012859778935892737	0.009376987052647634	12	0.035284391534391536	0.239067055393586	-0.4550187882605846	Enterocloster
d__Bacteria;p__Actinomycetota;c__Coriobacteriia;o__Coriobacteriales;f__Eggerthellaceae;g__Gordonibacter	0	0.0001992216860203881	31	0.03571428571428571	0.239067055393586	3.7801874825204935	Gordonibacter
d__Bacteria;p__Bacillota;c__Clostridia;o__Oscillospirales;f__Ruminococcaceae;g__Anaerofilum	0.0021751158903673983	0.0014379060284287043	12	0.03762755102040816	0.24683673469387757	-0.5918523388108861	Anaerofilum
d__Bacteria;p__Bacteroidota;c__Bacteroidia;o__Bacteroidales;f__Bacteroidaceae;g__Bacteroides	0.19610326202425385	0.09173955471940995	11	0.04275321239606954	0.26967410895982324	-1.0958668552210322	Bacteroides
d__Bacteria;p__Pseudomonadota;c__Gammaproteobacteria;o__Enterobacterales;f__Enterobacteriaceae;g__Citrobacter	0.040574100762555035	0.017679043432273167	11	0.04275321239606954	0.26967410895982324	-1.197799223803635	Citrobacter
d__Bacteria;p__Actinomycetota;c__Actinobacteria;o__Micrococcales;f__Microbacteriaceae;g__Agromyces	0.00030789801530772945	0.000012431368486480888	16	0.04583333333333333	0.2836477987421383	-3.526814229892493	Agromyces
d__Bacteria;p__Pseudomonadota;c__Gammaproteobacteria;o__Pseudomonadales;f__Spongiibacteraceae;g__BD1-7_clade	0	0.000059733538806457735	34	0.047619047619047616	0.28398268398268395	2.268895955767534	BD1-7 clade
d__Bacteria;p__Pseudomonadota;c__Alphaproteobacteria;o__Paracaedibacterales;f__Paracaedibacteraceae;g__Candidatus_Paracaedibacter	0	0.00006796482116340186	34	0.047619047619047616	0.28398268398268395	2.4184259853003933	Candidatus Paracaedibacter
d__Bacteria;p__Pseudomonadota;c__Gammaproteobacteria;o__Enterobacterales;f__Morganellaceae;g__Providencia	0.03337214531695166	0.008883149221530948	12	0.04965986394557823	0.29086491739552967	-1.9076395669936381	Providencia
d__Bacteria;p__Bacteroidota;c__Bacteroidia;o__Sphingobacteriales;f__Sphingobacteriaceae;g__Sphingobacterium	0.004391411474421799	0	17	0.05238095238095238	0.30142021720969087	-8.138527923825846	Sphingobacterium
d__Bacteria;p__Pseudomonadota;c__Gammaproteobacteria;o__SZB30;f__Incertae_Sedis;g__Incertae_Sedis	0	0.000028452569361741908	31.5	0.05357142857142857	0.3029556650246305	1.4953588233787816	SZB30 (Incertae Sedis)
d__Bacteria;p__Bdellovibrionota;c__Oligoflexia;o__0319-6G20;f__Incertae_Sedis;g__Incertae_Sedis	0	0.000023721768993420566	31	0.0625	0.33131313131313134	1.3316141207840817	0319-6G20 (Incertae Sedis)
d__Bacteria;p__Pseudomonadota;c__Gammaproteobacteria;o__Gammaproteobacteria_Incertae_Sedis;f__Unknown_Family;g__Acidibacter	0	0.000023979025781545822	28	0.06666666666666667	0.33131313131313134	1.3410127214814245	Acidibacter
d__Bacteria;p__Bacillota;c__Clostridia;o__Oscillospirales;f__Oscillospiraceae;g__Colidextribacter	0	0.00022652291789016757	28	0.06666666666666667	0.33131313131313134	3.9527580121570542	Colidextribacter
d__Bacteria;p__Actinomycetota;c__Coriobacteriia;o__Coriobacteriales;f__Eggerthellaceae;__	0	0.0009165476763410181	28	0.06666666666666667	0.33131313131313134	5.897405214256023	Eggerthellaceae (family)
d__Bacteria;p__Bacillota;c__Clostridia;o__Peptococcales;f__Peptococcaceae;g__Incertae_Sedis	0.000025409947147309933	0.00022700667721145618	28	0.06666666666666667	0.33131313131313134	2.5634361241915355	Peptococcaceae (Incertae Sedis)
d__Bacteria;p__Bacillota;c__Clostridia;o__Peptostreptococcales-Tissierellales;f__Sedimentibacteraceae;g__Sedimentibacter	0.000005536068594104308	0.0000672798226245265	28	0.06666666666666667	0.33131313131313134	1.969336620005734	Sedimentibacter
d__Bacteria;p__Pseudomonadota;c__Alphaproteobacteria;o__Azospirillales;f__Azospirillaceae;g__Skermanella	0	0.000011756650154767362	28	0.06666666666666667	0.33131313131313134	0.8088014101047183	Skermanella
d__Bacteria;p__Actinomycetota;c__Actinobacteria;o__Kitasatosporales;f__Streptomycetaceae;g__Streptomyces	0	0.000051379382974265504	28	0.06666666666666667	0.33131313131313134	2.0994136740358043	Streptomyces
d__Bacteria;p__Planctomycetota;c__Planctomycetes;o__Planctomycetales;f__Rubinisphaeraceae;g__SH-PL14	0	0.000044494820513864614	31	0.07407407407407407	0.35729847494553374	1.9430332410952194	SH-PL14
d__Bacteria;p__Pseudomonadota;c__Gammaproteobacteria;o__Burkholderiales;f__Sutterellaceae;g__Incertae_Sedis	0	0.00005621402316962285	31	0.07407407407407407	0.35729847494553374	2.1999057586543156	Sutterellaceae (Incertae Sedis)
d__Bacteria;p__Pseudomonadota;c__Gammaproteobacteria;o__Burkholderiales;f__Burkholderiaceae;g__Cupriavidus	0.000011905476210752142	0.00008026498431069644	32	0.08333333333333333	0.3744292237442922	1.7998303965910243	Cupriavidus
d__Bacteria;p__Cyanobacteriota;c__Cyanobacteriia;o__Synechococcales;f__Cyanobiaceae;g__Cyanobium_PCC-6307	0	0.00002858849704711008	31.5	0.08333333333333333	0.3744292237442922	1.49979960107894	Cyanobium PCC-6307
d__Bacteria;p__Planctomycetota;c__Planctomycetes;o__Gemmatales;f__Gemmataceae;g__Incertae_Sedis	0	0.000040382082949472575	31.5	0.08333333333333333	0.3744292237442922	1.8408263666400924	Gemmataceae (Incertae Sedis)
d__Bacteria;p__Pseudomonadota;c__Alphaproteobacteria;o__Rhodobacterales;f__Paracoccaceae;__	0	0.00022507335187190884	31.5	0.08333333333333333	0.3744292237442922	3.94409617722815	Paracoccaceae (family)
d__Bacteria;p__Pseudomonadota;c__Gammaproteobacteria;o__Burkholderiales;f__Comamonadaceae;g__Variovorax	0.00031461608931660005	0	15	0.08333333333333333	0.3744292237442922	-4.400366913578716	Variovorax
d__Bacteria;p__Bacillota;c__Clostridia;o__Lachnospirales;f__Lachnospiraceae;g__Hungatella	0.03131891867970718	0.010006110606151076	13	0.08970616024187453	0.3974082030473008	-1.6446202375859948	Hungatella
d__Bacteria;p__Pseudomonadota;c__Alphaproteobacteria;o__Hyphomicrobiales;f__Rhizobiaceae;__	0.0001283482592164367	0.000015225721318547466	18.5	0.09166666666666666	0.3974082030473008	-2.2219131180841534	Rhizobiaceae (family)
d__Bacteria;p__Bacillota;c__Clostridia;o__Lachnospirales;f__Lachnospiraceae;g__Epulopiscium	0.027799048825987327	0.011702859675521579	13	0.09208238851095994	0.3974082030473008	-1.247059169295387	Epulopiscium
d__Bacteria;p__Pseudomonadota;c__Gammaproteobacteria;o__Enterobacterales;f__Enterobacteriaceae;g__Salmonella	0.020480262183654487	0.021897253559613465	13.5	0.09954648526077098	0.4183673469387755	0.09644451159326424	Salmonella
d__Bacteria;p__Patescibacteria;c__CPR2;o__Incertae_Sedis;f__Incertae_Sedis;g__Incertae_Sedis	0	0.000018427481985291436	29	0.10714285714285714	0.4183673469387755	1.1232082754033308	CPR2 (Incertae Sedis)
d__Bacteria;p__Actinomycetota;c__Actinobacteria;o__Micrococcales;f__Intrasporangiaceae;__	0	0.0000375366474359203	29	0.10714285714285714	0.4183673469387755	1.7656220891422152	Intrasporangiaceae (family)
d__Bacteria;p__Pseudomonadota;c__Gammaproteobacteria;o__Burkholderiales;f__Aquaspirillaceae;g__Laribacter	0	0.00007779597578734774	29	0.10714285714285714	0.4183673469387755	2.5788199314880758	Laribacter
d__Archaea;p__Methanobacteriota;c__Methanobacteria;o__Methanobacteriales;f__Methanobacteriaceae;g__Methanobacterium	0	0.00004175870101116289	29	0.10714285714285714	0.4183673469387755	1.875849491099401	Methanobacterium
d__Bacteria;p__Actinomycetota;c__Coriobacteriia;o__OPB41;f__Incertae_Sedis;g__Incertae_Sedis	0	0.00003859216082973095	29	0.10714285714285714	0.4183673469387755	1.7939784851099358	OPB41 (Incertae Sedis)
d__Bacteria;p__Bacillota;c__Bacilli;o__Staphylococcales;f__Staphylococcaceae;g__Staphylococcus	0	0.000048377642780354646	29	0.10714285714285714	0.4183673469387755	2.033303744028194	Staphylococcus
d__Bacteria;p__Acidobacteriota;c__Vicinamibacteria;o__Subgroup_17;f__Incertae_Sedis;g__Incertae_Sedis	0	0.000011126856750762237	29	0.10714285714285714	0.4183673469387755	0.7752483120076085	Subgroup 17 (Incertae Sedis)
d__Bacteria;p__Bacillota;c__Clostridia;o__Peptostreptococcales-Tissierellales;f__Peptostreptococcaceae;g__Clostridioides	0.0007162756371051305	0.0003349839028573217	15.5	0.11243386243386243	0.4338624338624338	-1.0617553141286447	Clostridioides
d__Bacteria;p__Bacillota;c__Clostridia;o__Lachnospirales;f__Lachnospiraceae;__	0.01041308416742372	0.006826998832763653	14	0.1190239984882842	0.45395199423438626	-0.6079380430987373	Lachnospiraceae (family)
d__Bacteria;p__Actinomycetota;c__MB-A2-108;o__Incertae_Sedis;f__Incertae_Sedis;g__Incertae_Sedis	0	0.000013431379067855664	28.5	0.125	0.4659090909090909	0.8944046689601679	MB-A2-108 (Incertae Sedis)
d__Bacteria;p__Dependentiae;c__Babeliae;o__Babeliales;f__Incertae_Sedis;g__UBA12409	0	0.00000832185880966355	28.5	0.125	0.4659090909090909	0.6155336460004452	UBA12409
d__Bacteria;p__Pseudomonadota;c__Alphaproteobacteria;o__Hyphomicrobiales;f__Beijerinckiaceae;g__Camelimonas	0.0010400924860832635	0	20	0.13333333333333333	0.48592592592592593	-6.076957376819353	Camelimonas
d__Bacteria;p__Pseudomonadota;c__Alphaproteobacteria;o__Hyphomicrobiales;f__Rhizobiaceae;g__Pseudochrobactrum	0.0004885705882360855	0	20	0.13333333333333333	0.48592592592592593	-5.010809780789632	Pseudochrobactrum
d__Bacteria;p__Bacillota;c__Bacilli;o__Paenibacillales;f__Paenibacillaceae;g__Paenibacillus	0.00011764853949728811	0	17	0.14285714285714285	0.5149136577708006	-3.091327572666958	Paenibacillus
d__Bacteria;p__Pseudomonadota;c__Alphaproteobacteria;o__Hyphomicrobiales;f__Rhizobiaceae;g__Agrobacterium	0.0000792886280838466	0	18.5	0.16666666666666666	0.5206349206349206	-2.6016852851788457	Agrobacterium
d__Bacteria;p__Bacillota;c__Bacilli;o__Bacillales;f__Bacillaceae;__	0	0.00008580366401932632	28.5	0.16666666666666666	0.5206349206349206	2.697449952512118	Bacillaceae (family)
d__Bacteria;p__Acidobacteriota;c__Blastocatellia;o__Blastocatellales;f__Blastocatellaceae;g__Incertae_Sedis	0	0.000014178408932551479	28.5	0.16666666666666666	0.5206349206349206	0.9310097701416323	Blastocatellaceae (Incertae Sedis)
d__Bacteria;p__Planctomycetota;c__Planctomycetes;o__Pirellulales;f__Pirellulaceae;g__Bremerella	0	0.000021844962330195806	31.5	0.16666666666666666	0.5206349206349206	1.2611290469819336	Bremerella
d__Bacteria;p__Verrucomicrobiota;c__Verrucomicrobiia;o__Verrucomicrobiales;f__DEV007;g__Incertae_Sedis	0	0.00005897190234959114	31.5	0.16666666666666666	0.5206349206349206	2.2542434097935584	DEV007 (Incertae Sedis)
d__Bacteria;p__Bacteroidota;c__Bacteroidia;o__Cytophagales;f__Spirosomataceae;g__Dyadobacter	0.00006055382964731667	0	16.5	0.16666666666666666	0.5206349206349206	-2.2845122170935506	Dyadobacter
d__Bacteria;p__Bacteroidota;c__Bacteroidia;o__Bacteroidales;f__Dysgonomonadaceae;g__Dysgonomonas	0	0.0005034795639524853	31.5	0.16666666666666666	0.5206349206349206	5.052850313576327	Dysgonomonas
d__Bacteria;p__Planctomycetota;c__Planctomycetes;o__Gemmatales;f__Gemmataceae;g__Gemmata	0	0.0000309990902233793	31.5	0.16666666666666666	0.5206349206349206	1.5763648362368912	Gemmata
d__Bacteria;p__Pseudomonadota;c__Alphaproteobacteria;o__Hyphomicrobiales;__;__	0	0.00010006597814615893	31.5	0.16666666666666666	0.5206349206349206	2.887236476795176	Hyphomicrobiales (order)
d__Bacteria;p__Pseudomonadota;c__Gammaproteobacteria;o__Lysobacterales;f__Lysobacteraceae;__	0	0.000013063045965574146	28.5	0.16666666666666666	0.5206349206349206	0.8760083196017888	Lysobacteraceae (family)
d__Bacteria;p__Pseudomonadota;c__Gammaproteobacteria;o__Burkholderiales;f__Oxalobacteraceae;__	0.00002677752702079975	0	16.5	0.16666666666666666	0.5206349206349206	-1.43948240359224	Oxalobacteraceae (family)
d__Bacteria;p__Pseudomonadota;c__Alphaproteobacteria;o__Acetobacterales;f__Acetobacteraceae;g__Roseococcus	0	0.00006100568010789722	31.5	0.16666666666666666	0.5206349206349206	2.293042648263144	Roseococcus
d__Bacteria;p__Verrucomicrobiota;c__Verrucomicrobiia;o__Verrucomicrobiales;f__Verrucomicrobiaceae;g__Incertae_Sedis	0	0.000048675612961873605	31.5	0.16666666666666666	0.5206349206349206	2.0400033021801516	Verrucomicrobiaceae (Incertae Sedis)
d__Bacteria;p__Planctomycetota;c__Planctomycetes;o__Gemmatales;f__Gemmataceae;g__Zavarzinella	0	0.000037499105598036725	31.5	0.16666666666666666	0.5206349206349206	1.7646031899503751	Zavarzinella
d__Bacteria;p__Bacillota;c__Clostridia;o__Peptostreptococcales-Tissierellales;f__Peptostreptococcaceae;g__Romboutsia	0.06492093753299118	0.1019325368649326	33	0.17613378684807257	0.5211864406779662	0.6507327297336546	Romboutsia
d__Bacteria;p__Bacillota;c__Bacilli;o__Lactobacillales;f__Enterococcaceae;g__Enterococcus	0.004048621919766806	0.0031479109360653583	16	0.17807539682539683	0.5211864406779662	-0.3614486625722148	Enterococcus
d__Bacteria;p__Bacillota;c__Clostridia;o__Oscillospirales;f__Ruminococcaceae;g__Incertae_Sedis	0.0003467478891275155	0.00007684653020886993	16.5	0.17891156462585034	0.5211864406779662	-1.9702320203191055	Ruminococcaceae (Incertae Sedis)
d__Bacteria;p__Pseudomonadota;c__Alphaproteobacteria;o__Hyphomicrobiales;f__Rhizobiaceae;g__Aminobacter	0	0.00004178698797963342	29	0.1875	0.5211864406779662	1.876560311683525	Aminobacter
d__Bacteria;p__Pseudomonadota;c__Gammaproteobacteria;o__Rickettsiellales;f__Rickettsiellaceae;g__Aquicella	0	0.00000929647103548293	29	0.1875	0.5211864406779662	0.6730536520748365	Aquicella
d__Bacteria;p__Chloroflexota;c__Anaerolineae;o__Caldilineales;f__Caldilineaceae;g__Incertae_Sedis	0	0.00001113605476641139	29	0.1875	0.5211864406779662	0.7757440064886725	Caldilineaceae (Incertae Sedis)
d__Bacteria;p__Pseudomonadota;c__Gammaproteobacteria;o__Lysobacterales;f__Lysobacteraceae;g__Lysobacter	0	0.00016356796252183645	29	0.1875	0.5211864406779662	3.518412545928282	Lysobacter
d__Archaea;p__Thermoplasmatota;c__Thermoplasmata;o__Methanomassiliicoccales;f__Methanomassiliicoccaceae;g__Methanomassiliicoccus	0	0.0000493199131050846	29	0.1875	0.5211864406779662	2.054384241199035	Methanomassiliicoccus
d__Bacteria;p__Pseudomonadota;c__Gammaproteobacteria;o__Methylococcales;f__Methylococcaceae;g__Methyloparacoccus	0	0.000012296106894995072	29	0.1875	0.5211864406779662	0.8369339815881824	Methyloparacoccus
d__Bacteria;p__Pseudomonadota;c__Alphaproteobacteria;o__Sphingomonadales;f__Sphingomonadaceae;g__Polymorphobacter	0	0.000013463912660416664	29	0.1875	0.5211864406779662	0.8960183363891292	Polymorphobacter
d__Bacteria;p__Pseudomonadota;c__Gammaproteobacteria;o__Enterobacterales;f__Shewanellaceae;g__Shewanella	0	0.00006802213526869211	29	0.1875	0.5211864406779662	2.4194146783445936	Shewanella
d__Bacteria;p__Chloroflexota;c__Anaerolineae;o__SJA-15;f__Incertae_Sedis;g__Incertae_Sedis	0	0.000026712423888036384	29	0.1875	0.5211864406779662	1.4372663739993081	SJA-15 (Incertae Sedis)
d__Bacteria;p__Acidobacteriota;c__Vicinamibacteria;o__Vicinamibacterales;f__Vicinamibacteraceae;g__Incertae_Sedis	0	0.00002200071659217909	29	0.1875	0.5211864406779662	1.267111359210758	Vicinamibacteraceae (Incertae Sedis)
d__Bacteria;p__Bacillota;c__Bacilli;o__Lactobacillales;f__Streptococcaceae;g__Lactococcus	0.00014523843971333297	0	19.5	0.2	0.5512605042016807	-3.3627478175642875	Lactococcus
d__Bacteria;p__Actinomycetota;c__Actinobacteria;o__Micrococcales;f__Microbacteriaceae;g__Leucobacter	0.0004554943487377154	0.000053853102633590436	17.5	0.20833333333333334	0.5694444444444445	-2.761215783785673	Leucobacter
d__Bacteria;p__Bacillota;c__Clostridia;o__Oscillospirales;f__Ruminococcaceae;__	0.000022963282557591362	0	17.5	0.2222222222222222	0.6023875114784205	-1.3035418190178902	Ruminococcaceae (family)
d__Bacteria;p__Bacillota;c__Clostridia;o__Lachnospirales;f__Lachnospiraceae;g__Anaerotignum	0.0007160967555242863	0.0007278746238128101	17	0.23349867724867726	0.6277669355538208	0.023036423652310675	Anaerotignum
d__Bacteria;p__Bacteroidota;c__Bacteroidia;o__Flavobacteriales;f__Weeksellaceae;g__Elizabethkingia	0.0012037647698500869	0.0001598700738447484	21	0.26666666666666666	0.6307692307692307	-2.7965588898658345	Elizabethkingia
d__Bacteria;p__Pseudomonadota;c__Alphaproteobacteria;o__Caulobacterales;f__Caulobacteraceae;g__Phenylobacterium	0.0000764378481107038	0.000012824451236717968	18.5	0.27827380952380953	0.6307692307692307	-1.693730354414537	Phenylobacterium
d__Bacteria;p__Bacillota;c__Clostridia;o__Peptococcales;f__Peptococcaceae;g__Peptococcus	0.0013162643358486138	0.0032384453302982236	30.5	0.2835695389266818	0.6307692307692307	1.2887623038036284	Peptococcus
d__Bacteria;p__Bacillota;c__Clostridia;o__Lachnospirales;f__Lachnospiraceae;g__Herbinix	0.00027981235517530556	0.00042290577769943193	30	0.289021164021164	0.6307692307692307	0.5698036546178014	Herbinix
d__Bacteria;p__Pseudomonadota;c__Gammaproteobacteria;o__Enterobacterales;f__Morganellaceae;g__Proteus	0.0004996538059356225	0.0007189474774681446	19	0.29464285714285715	0.6307692307692307	0.5115399474976271	Proteus
d__Bacteria;p__Actinomycetota;c__Acidimicrobiia;o__Acidimicrobiales;f__Acidimicrobiaceae;g__Acidiferrimicrobium	0	0.000006215684243240444	26	0.3333333333333333	0.6307692307692307	0.48279614644714663	Acidiferrimicrobium
d__Bacteria;p__Actinomycetota;c__Actinobacteria;o__Micromonosporales;f__Micromonosporaceae;g__Actinoplanes	0	0.0000041437894954936285	26	0.3333333333333333	0.6307692307692307	0.33909898672123123	Actinoplanes
d__Bacteria;p__Bacillota;c__Incertae_Sedis;o__Incertae_Sedis;f__Incertae_Sedis;g__Incertae_Sedis	0	0.000005075240439515822	26	0.3333333333333333	0.6307692307692307	0.4054762718982026	Bacillota (Incertae Sedis)
d__Bacteria;p__Pseudomonadota;c__Alphaproteobacteria;o__Tistrellales;f__Geminicoccaceae;g__Candidatus_Alysiosphaera	0	0.000006215684243240444	26	0.3333333333333333	0.6307692307692307	0.48279614644714663	Candidatus Alysiosphaera
d__Bacteria;p__Actinomycetota;c__Actinobacteria;o__Mycobacteriales;f__Corynebacteriaceae;g__Corynebacterium	0	0.000007612860659273733	26	0.3333333333333333	0.6307692307692307	0.5722000642936824	Corynebacterium
d__Bacteria;p__Pseudomonadota;c__Alphaproteobacteria;o__Defluviicoccales;f__Defluviicoccaceae;g__Defluviicoccus	0	0.0000041437894954936285	26	0.3333333333333333	0.6307692307692307	0.33909898672123123	Defluviicoccus
d__Bacteria;p__Pseudomonadota;c__Gammaproteobacteria;o__Enterobacterales;f__Enterobacteriaceae;g__Escherichia-Shigella	0	0.0005075240439515823	26	0.3333333333333333	0.6307692307692307	5.064046867908457	Escherichia-Shigella
d__Bacteria;p__Fusobacteriota;c__Fusobacteriia;o__Fusobacteriales;f__Fusobacteriaceae;g__Fusobacterium	0.0020805141936397174	0.009441624365482234	26	0.3333333333333333	0.6307692307692307	2.173678654201116	Fusobacterium
d__Bacteria;p__Actinomycetota;c__Thermoleophilia;o__Gaiellales;f__Gaiellaceae;g__Gaiella	0	0.000005075240439515822	26	0.3333333333333333	0.6307692307692307	0.4054762718982026	Gaiella
d__Bacteria;p__Pseudomonadota;c__Alphaproteobacteria;o__Incertae_Sedis;f__Incertae_Sedis;g__Hypericibacter	0	0.0000041437894954936285	26	0.3333333333333333	0.6307692307692307	0.33909898672123123	Hypericibacter
d__Bacteria;p__Pseudomonadota;c__Alphaproteobacteria;o__Hyphomicrobiales;f__Incertae_Sedis;g__Incertae_Sedis	0	0.000008287578990987257	26	0.3333333333333333	0.6307692307692307	0.6134681573056174	Hyphomicrobiales (Incertae Sedis)
d__Bacteria;p__Actinomycetota;c__Actinobacteria;o__Mycobacteriales;f__Nocardiaceae;g__Nocardia	0	0.000008287578990987257	26	0.3333333333333333	0.6307692307692307	0.6134681573056174	Nocardia
d__Bacteria;p__Planctomycetota;c__Planctomycetes;o__Pirellulales;f__Pirellulaceae;g__Pir4_lineage	0	0.000007612860659273733	26	0.3333333333333333	0.6307692307692307	0.5722000642936824	Pir4 lineage
d__Bacteria;p__Pseudomonadota;c__Gammaproteobacteria;o__PLTA13;f__Incertae_Sedis;g__Incertae_Sedis	0	0.0000041437894954936285	26	0.3333333333333333	0.6307692307692307	0.33909898672123123	PLTA13 (Incertae Sedis)
d__Bacteria;p__Pseudomonadota;c__Gammaproteobacteria;o__Rickettsiellales;f__Rickettsiellaceae;g__Incertae_Sedis	0	0.000007612860659273733	26	0.3333333333333333	0.6307692307692307	0.5722000642936824	Rickettsiellaceae (Incertae Sedis)
d__Bacteria;p__Bacillota;c__Bacilli;o__Bacillales;f__Bacillaceae;g__Rossellomorea	0	0.000022790842225214958	26	0.3333333333333333	0.6307692307692307	1.297082703656214	Rossellomorea
d__Bacteria;p__Chloroflexota;c__Dehalococcoidia;o__SAR202_clade;f__Incertae_Sedis;g__Incertae_Sedis	0	0.0000041437894954936285	26	0.3333333333333333	0.6307692307692307	0.33909898672123123	SAR202 clade (Incertae Sedis)
d__Bacteria;p__Bacillota;c__Bacilli;o__Alicyclobacillales;f__Alicyclobacillaceae;g__Tumebacillus	0	0.000005075240439515822	26	0.3333333333333333	0.6307692307692307	0.4054762718982026	Tumebacillus
d__Bacteria;p__Dependentiae;c__Babeliae;o__Babeliales;f__Vermiphilaceae;g__Incertae_Sedis	0	0.0000041437894954936285	26	0.3333333333333333	0.6307692307692307	0.33909898672123123	Vermiphilaceae (Incertae Sedis)
d__Bacteria;p__Actinomycetota;c__Actinobacteria;o__Micromonosporales;f__Micromonosporaceae;g__Virgisporangium	0	0.000015225721318547466	26	0.3333333333333333	0.6307692307692307	0.9808137567723222	Virgisporangium
d__Bacteria;p__Bacillota;c__Clostridia;o__Oscillospirales;f__Oscillospiraceae;g__NK4A214_group	0.00007994275407615455	0.000026329410649138224	19	0.3476190476190476	0.6307692307692307	-1.1874327945970005	NK4A214 group
d__Bacteria;p__Bacillota;c__Clostridia;o__Oscillospirales;f__Oscillospiraceae;__	0.00047042555972508725	0.00027593636858646144	18.5	0.3541430461073318	0.6307692307692307	-0.737279238640193	Oscillospiraceae (family)
d__Bacteria;p__Bacillota;c__Clostridia;o__Lachnospirales;f__Lachnospiraceae;g__Dorea	0.00014097253963951285	0.00005587085011909313	19	0.3576388888888889	0.6307692307692307	-1.1309774190328463	Dorea
d__Bacteria;p__Thermodesulfobacteriota;c__Desulfovibrionia;o__Desulfovibrionales;f__Desulfovibrionaceae;g__Desulfovibrio	0.00000241999496641047	0.00001909258971451423	28	0.36666666666666664	0.6307692307692307	0.9435335864480682	Desulfovibrio
d__Bacteria;p__Pseudomonadota;c__Alphaproteobacteria;o__Acetobacterales;f__Acetobacteraceae;__	0	0.0000034743937182961575	26.5	0.375	0.6307692307692307	0.2894368963230554	Acetobacteraceae (family)
d__Bacteria;p__Pseudomonadota;c__Gammaproteobacteria;o__Enterobacterales;f__Alteromonadaceae;g__Alishewanella	0	0.000006267103971254882	26.5	0.375	0.6307692307692307	0.4861865453161182	Alishewanella
d__Bacteria;p__Bacillota;c__Bacilli;o__Erysipelotrichales;f__Erysipelotrichaceae;g__Anaerorhabdus	0	0.000012160378014036552	26.5	0.375	0.6307692307692307	0.8299072270086078	Anaerorhabdus
d__Bacteria;p__Bacillota;c__Clostridia;o__Peptostreptococcales-Tissierellales;f__Anaerovoracaceae;__	0.000032459545156352504	0.00007021354209233325	27.5	0.375	0.6307692307692307	0.8358685399355659	Anaerovoracaceae (family)
d__Bacteria;p__Bacillota;c__Clostridia;o__Peptostreptococcales-Tissierellales;f__Tindalliaceae;g__Anoxynatronum	0	0.000024320756028073103	26.5	0.375	0.6307692307692307	1.3534035280177477	Anoxynatronum
d__Bacteria;p__Armatimonadota;__;__;__;__	0	0.000005211590577444236	26.5	0.375	0.6307692307692307	0.41494163221124597	Armatimonadota (phylum)
d__Archaea;p__Thermoproteota;c__Bathyarchaeia;o__Incertae_Sedis;f__Incertae_Sedis;g__Incertae_Sedis	0	0.000005211590577444236	26.5	0.375	0.6307692307692307	0.41494163221124597	Bathyarchaeia (Incertae Sedis)
d__Bacteria;p__Chlamydiota;c__Chlamydiia;o__Chlamydiales;f__Parachlamydiaceae;g__Candidatus_Protochlamydia	0	0.000008685984295740392	26.5	0.375	0.6307692307692307	0.6372929657113886	Candidatus Protochlamydia
d__Bacteria;p__Pseudomonadota;c__Alphaproteobacteria;o__Hyphomicrobiales;f__Rhizobiaceae;g__Ciceribacter	0	0.000012160378014036552	26.5	0.375	0.6307692307692307	0.8299072270086078	Ciceribacter
d__Bacteria;p__Bacillota;c__Clostridia;o__Clostridiales;__;__	0	0.000012160378014036552	26.5	0.375	0.6307692307692307	0.8299072270086078	Clostridiales (order)
d__Bacteria;p__Armatimonadota;c__DG-56;o__Incertae_Sedis;f__Incertae_Sedis;g__Incertae_Sedis	0	0.000012534207942509764	26.5	0.375	0.6307692307692307	0.8491785175339058	DG-56 (Incertae Sedis)
d__Bacteria;p__Bacteroidota;c__Bacteroidia;o__Flavobacteriales;f__Weeksellaceae;g__Empedobacter	0	0.000012160378014036552	26.5	0.375	0.6307692307692307	0.8299072270086078	Empedobacter
d__Bacteria;p__Pseudomonadota;c__Gammaproteobacteria;o__Enterobacterales;__;__	0	0.000015709993519627674	26.5	0.375	0.6307692307692307	1.0032741683960704	Enterobacterales (order)
d__Bacteria;p__Bacillota;c__Bacilli;o__Exiguobacterales;f__Exiguobacteraceae;g__Exiguobacterium	0	0.00002779514974636926	26.5	0.375	0.6307692307692307	1.4736857559178556	Exiguobacterium
d__Bacteria;p__Pseudomonadota;c__Gammaproteobacteria;__;__;__	0	0.000008356138628339843	26.5	0.375	0.6307692307692307	0.6175961817877234	Gammaproteobacteria (class)
d__Bacteria;p__Bacillota;c__Clostridia;o__Peptostreptococcales-Tissierellales;f__Gottschalkiaceae;g__Gottschalkia	0.000010269124254838878	0.000029532346605517336	26.5	0.375	0.6307692307692307	0.8020050541136999	Gottschalkia
d__Bacteria;p__Actinomycetota;c__Actinobacteria;o__Micrococcales;f__Micrococcaceae;g__Kocuria	0.00007685404777681613	0.000008356138628339843	26.5	0.375	0.6307692307692307	-1.946605968950763	Kocuria
d__Archaea;p__Thermoplasmatota;c__Thermoplasmata;o__Marine_Group_II;f__Incertae_Sedis;g__Incertae_Sedis	0	0.000006267103971254882	26.5	0.375	0.6307692307692307	0.4861865453161182	Marine Group II (Incertae Sedis)
d__Bacteria;p__Bacillota;c__Bacilli;o__Bacillales;f__Bacillaceae;g__Metabacillus	0	0.000012534207942509764	26.5	0.375	0.6307692307692307	0.8491785175339058	Metabacillus
d__Archaea;p__Halobacteriota;c__Methanosarcinia;o__Methanosarcinales;f__Methanosarcinaceae;g__Methanosarcina	0	0.000010445173285424805	26.5	0.375	0.6307692307692307	0.7380290875876404	Methanosarcina
d__Bacteria;p__Pseudomonadota;c__Alphaproteobacteria;o__Hyphomicrobiales;f__Beijerinckiaceae;g__Methylocystis	0	0.000019109165450628868	26.5	0.375	0.6307692307692307	1.1517921774868196	Methylocystis
d__Bacteria;p__Actinomycetota;c__Acidimicrobiia;o__Microtrichales;f__Microtrichaceae;g__Incertae_Sedis	0	0.0000034743937182961575	26.5	0.375	0.6307692307692307	0.2894368963230554	Microtrichaceae (Incertae Sedis)
d__Bacteria;p__Bacteroidota;c__Bacteroidia;o__Flavobacteriales;f__Flavobacteriaceae;g__Myroides	0	0.000006948787436592315	26.5	0.375	0.6307692307692307	0.53039672555704	Myroides
d__Bacteria;p__Bacillota;c__Bacilli;o__Bacillales;f__Bacillaceae;g__Neobacillus	0	0.000012534207942509764	26.5	0.375	0.6307692307692307	0.8491785175339058	Neobacillus
d__Bacteria;p__Chlamydiota;c__Chlamydiia;o__Chlamydiales;f__Parachlamydiaceae;g__Neochlamydia	0	0.000015634771732332708	26.5	0.375	0.6307692307692307	0.9998082594940155	Neochlamydia
d__Bacteria;p__Myxococcota;c__Polyangiia;o__Polyangiales;f__Polyangiaceae;g__Pajaroellobacter	0	0.000004178069314169922	26.5	0.375	0.6307692307692307	0.3415967489373129	Pajaroellobacter
d__Bacteria;p__Bacillota;c__Clostridia;o__Peptostreptococcales-Tissierellales;__;__	0	0.0001476617330275867	26.5	0.375	0.6307692307692307	3.3843170668575637	Peptostreptococcales-Tissierellales (order)
d__Bacteria;p__Bdellovibrionota;c__Bacteriovoracia;o__Bacteriovoracales;f__Bacteriovoracaceae;g__Peredibacter	0	0.000010445173285424805	26.5	0.375	0.6307692307692307	0.7380290875876404	Peredibacter
d__Bacteria;p__Bacteroidota;c__Bacteroidia;o__Bacteroidales;f__Prolixibacteraceae;g__Incertae_Sedis	0	0.000015709993519627674	26.5	0.375	0.6307692307692307	1.0032741683960704	Prolixibacteraceae (Incertae Sedis)
d__Bacteria;p__Bacillota;c__Clostridia;o__Clostridiales;f__Clostridiaceae;g__Proteiniclasticum	0	0.00019630324508373287	26.5	0.375	0.6307692307692307	3.7604571245682403	Proteiniclasticum
d__Bacteria;p__Actinomycetota;c__Actinobacteria;o__Micrococcales;f__Micrococcaceae;g__Pseudarthrobacter	0	0.00001389757487318463	26.5	0.375	0.6307692307692307	0.9173573788607795	Pseudarthrobacter
d__Bacteria;p__Pseudomonadota;c__Gammaproteobacteria;o__Pseudomonadales;f__Moraxellaceae;g__Psychrobacter	0.0000387405488227475	0.00004171471675009022	27.5	0.375	0.6307692307692307	0.07682289851866375	Psychrobacter
d__Bacteria;p__Pseudomonadota;c__Gammaproteobacteria;o__Burkholderiales;f__Rhodocyclaceae;__	0	0.000005891247569860378	26.5	0.375	0.6307692307692307	0.46121844976437537	Rhodocyclaceae (family)
d__Bacteria;p__Incertae_Sedis;c__Incertae_Sedis;o__SJA-28;f__Incertae_Sedis;g__Incertae_Sedis	0	0.000006267103971254882	26.5	0.375	0.6307692307692307	0.4861865453161182	SJA-28 (Incertae Sedis)
d__Bacteria;p__Bacillota;c__Clostridia;o__Peptostreptococcales-Tissierellales;f__Peptostreptococcaceae;g__Sporacetigenium	0	0.000015634771732332708	26.5	0.375	0.6307692307692307	0.9998082594940155	Sporacetigenium
d__Bacteria;p__Bacillota;c__Negativicutes;o__Veillonellales-Selenomonadales;f__Sporomusaceae;g__Sporomusa	0	0.000005211590577444236	26.5	0.375	0.6307692307692307	0.41494163221124597	Sporomusa
d__Bacteria;p__Thermodesulfobacteriota;c__Desulfobacteria;o__Desulfobacterales;f__Desulfosarcinaceae;g__Sva0081_sediment_group	0	0.000008356138628339843	26.5	0.375	0.6307692307692307	0.6175961817877234	Sva0081 sediment group
d__Bacteria;p__Thermodesulfobacteriota;c__Syntrophorhabdia;o__Syntrophorhabdales;f__Syntrophorhabdaceae;g__Syntrophorhabdus	0	0.000005211590577444236	26.5	0.375	0.6307692307692307	0.41494163221124597	Syntrophorhabdus
d__Bacteria;p__Pseudomonadota;c__Gammaproteobacteria;o__Lysobacterales;f__Lysobacteraceae;g__Thermomonas	0	0.000029532346605517336	26.5	0.375	0.6307692307692307	1.5302639739868755	Thermomonas
d__Bacteria;p__Myxococcota;c__Polyangiia;o__VHS-B3-70;f__Incertae_Sedis;g__Incertae_Sedis	0	0.000006267103971254882	26.5	0.375	0.6307692307692307	0.4861865453161182	VHS-B3-70 (Incertae Sedis)
d__Bacteria;p__Actinomycetota;c__WCHB1-81;o__Incertae_Sedis;f__Incertae_Sedis;g__Incertae_Sedis	0	0.000010445173285424805	26.5	0.375	0.6307692307692307	0.7380290875876404	WCHB1-81 (Incertae Sedis)
d__Bacteria;p__Bacteroidota;c__Bacteroidia;o__Flavobacteriales;f__Weeksellaceae;__	0	0.000024320756028073103	26.5	0.375	0.6307692307692307	1.3534035280177477	Weeksellaceae (family)
d__Archaea;p__Nanoarchaeota;c__Nanoarchaeia;o__Woesearchaeales;f__Incertae_Sedis;g__Incertae_Sedis	0	0.000006267103971254882	26.5	0.375	0.6307692307692307	0.4861865453161182	Woesearchaeales (Incertae Sedis)
d__Bacteria;p__Bacillota;c__Clostridia;o__Clostridiales;f__Clostridiaceae;g__Youngiibacter	0	0.000012160378014036552	26.5	0.375	0.6307692307692307	0.8299072270086078	Youngiibacter
d__Bacteria;p__Bacillota;c__Bacilli;o__Erysipelotrichales;f__Erysipelotrichaceae;g__[Clostridium]_innocuum_group	0.0487830794036437	0.03910114188722756	18	0.3854119425547997	0.6449750875406852	-0.3190556107525076	[Clostridium] innocuum group
d__Bacteria;p__Bacillota;c__Clostridia;o__Lachnospirales;f__Lachnospiraceae;g__Lachnospiraceae_NK4A136_group	0.0002553987947361589	0.00003107842121620221	20.5	0.4	0.6659898477157361	-2.536463325675681	Lachnospiraceae NK4A136 group
d__Bacteria;p__Pseudomonadota;c__Gammaproteobacteria;o__Enterobacterales;f__Enterobacteriaceae;__	0.000018942903571146286	0.0001530281110593072	28	0.41220238095238093	0.6828403078403078	2.286091869374609	Enterobacteriaceae (family)
d__Bacteria;p__Actinomycetota;c__Acidimicrobiia;o__Microtrichales;f__Iamiaceae;g__Aquihabitans	0	0.000015665733370454056	29	0.4444444444444444	0.6992139439507862	1.0012358521644737	Aquihabitans
d__Bacteria;p__Actinomycetota;c__Actinobacteria;o__Micrococcales;f__Microbacteriaceae;g__Cryobacterium	0	0.00002799471055327479	29	0.4444444444444444	0.6992139439507862	1.480299134563579	Cryobacterium
d__Bacteria;p__Pseudomonadota;c__Alphaproteobacteria;o__Hyphomicrobiales;f__Rhizobiaceae;g__Ensifer	0	0.00006300534475603982	29	0.4444444444444444	0.6992139439507862	2.330200050810933	Ensifer
d__Bacteria;p__Pseudomonadota;c__Gammaproteobacteria;o__Burkholderiales;f__Burkholderiaceae;g__Lautropia	0	0.00003274820964075985	29	0.4444444444444444	0.6992139439507862	1.6294819485472474	Lautropia
d__Bacteria;p__Actinomycetota;c__Acidimicrobiia;o__Microtrichales;f__Incertae_Sedis;g__Incertae_Sedis	0	0.000015856696754244624	29	0.4444444444444444	0.6992139439507862	1.0100097858276158	Microtrichales (Incertae Sedis)
d__Bacteria;p__Acidobacteriota;c__Acidobacteriae;o__Bryobacterales;f__Bryobacteraceae;g__Paludibaculum	0	0.000011272262623487186	29	0.4444444444444444	0.6992139439507862	0.7830645810828754	Paludibaculum
d__Bacteria;p__Planctomycetota;c__Planctomycetes;o__Planctomycetales;f__Incertae_Sedis;g__Incertae_Sedis	0	0.000010929851349263595	29	0.4444444444444444	0.6992139439507862	0.7645903078141975	Planctomycetales (Incertae Sedis)
d__Bacteria;p__Pseudomonadota;c__Alphaproteobacteria;o__Rickettsiales;f__Rickettsiaceae;g__Incertae_Sedis	0.000011933393611962342	0	19	0.4444444444444444	0.6992139439507862	-0.8180791080025552	Rickettsiaceae (Incertae Sedis)
d__Bacteria;p__Bacillota;c__Bacilli;o__Erysipelotrichales;f__Erysipelotrichaceae;g__Turicibacter	0.00004090441804145854	0.000005075240439515822	21	0.4444444444444444	0.6992139439507862	-1.4487393357103517	Turicibacter
d__Bacteria;p__Pseudomonadota;c__Alphaproteobacteria;o__Hyphomicrobiales;f__Xanthobacteraceae;g__Incertae_Sedis	0.000011519834274963568	0	19	0.4444444444444444	0.6992139439507862	-0.796276091919277	Xanthobacteraceae (Incertae Sedis)
d__Bacteria;p__Pseudomonadota;c__Gammaproteobacteria;o__Pseudomonadales;f__Moraxellaceae;g__Acinetobacter	0.040121063138908106	0.0010000088493139232	19	0.4455357142857143	0.6992139439507862	-5.304450005374225	Acinetobacter
d__Archaea;p__Thermoproteota;c__Nitrososphaeria;o__Nitrososphaerales;f__Nitrososphaeraceae;g__Incertae_Sedis	0.000012698186611703181	0.00008072226855673289	28	0.45866402116402116	0.7152647975077882	1.7657594278430475	Nitrososphaeraceae (Incertae Sedis)
d__Bacteria;p__Pseudomonadota;c__Alphaproteobacteria;o__Hyphomicrobiales;f__Xanthobacteraceae;g__Pseudoxanthobacter	0.00038256070365294233	0	21	0.4642857142857143	0.7152647975077882	-4.670278320364876	Pseudoxanthobacter
d__Bacteria;p__Pseudomonadota;c__Alphaproteobacteria;o__Caulobacterales;f__Caulobacteraceae;g__Brevundimonas	0.0004240803528781341	0	22	0.4666666666666667	0.7152647975077882	-4.813369227149612	Brevundimonas
d__Bacteria;p__Bacillota;c__Clostridia;o__Lachnospirales;f__Lachnospiraceae;g__Incertae_Sedis	0.00004623333963736095	0	22	0.4666666666666667	0.7152647975077882	-1.984151257371223	Lachnospiraceae (Incertae Sedis)
d__Bacteria;p__Pseudomonadota;c__Gammaproteobacteria;o__Enterobacterales;f__Yersiniaceae;g__Serratia	0.00008276929779653792	0	22	0.4666666666666667	0.7152647975077882	-2.653637256926313	Serratia
d__Bacteria;p__Pseudomonadota;c__Alphaproteobacteria;o__Hyphomicrobiales;f__Rhizobiaceae;g__Shinella	0.00009571397752986788	0.00015418856044459553	20	0.4915674603174603	0.7454545454545455	0.6089307891166758	Shinella
d__Bacteria;p__Pseudomonadota;c__Gammaproteobacteria;o__Burkholderiales;f__Alcaligenaceae;g__Bordetella	0.000005296723010620384	0	20.5	0.5	0.7454545454545455	-0.42082014693666153	Bordetella
d__Bacteria;p__Bacteroidota;c__Bacteroidia;o__Cytophagales;f__Spirosomataceae;g__Fibrella	0.000025861884900697533	0	20	0.5	0.7454545454545455	-1.4079979477025435	Fibrella
d__Bacteria;p__Pseudomonadota;c__Alphaproteobacteria;o__Sphingomonadales;f__Sphingomonadaceae;g__Sphingomonas	0.000158791643565595	0.000019109165450628868	21.5	0.5	0.7454545454545455	-2.3276471744632787	Sphingomonas
d__Bacteria;p__Bacteroidota;c__Bacteroidia;o__Cytophagales;f__Spirosomataceae;g__Spirosoma	0.000005867227189083041	0	20	0.5	0.7454545454545455	-0.4596079924350579	Spirosoma
d__Bacteria;p__Bacillota;c__Bacilli;o__Erysipelotrichales;f__Erysipelatoclostridiaceae;g__Thomasclavelia	0.0030156986635852387	0	20	0.5	0.7454545454545455	-7.5986690573865445	Thomasclavelia
d__Bacteria;p__Pseudomonadota;c__Gammaproteobacteria;o__Enterobacterales;f__Enterobacteriaceae;g__Enterobacter	0.0003162305320578702	0.0115757471446758	26.5	0.5166666666666667	0.7668174962292611	5.126293405973073	Enterobacter
d__Bacteria;p__Bacillota;c__Bacilli;o__Lactobacillales;f__Vagococcaceae;g__Vagococcus	0.0015536778050379866	0.0013083843549601148	20.5	0.5358796296296297	0.7917500834167501	-0.24520806660613528	Vagococcus
d__Bacteria;p__Verrucomicrobiota;c__Verrucomicrobiia;o__Verrucomicrobiales;f__Akkermansiaceae;g__Akkermansia	0.0011304154269893504	0.0037161223943587367	26.5	0.5535714285714286	0.8105867346938777	1.7031812464844671	Akkermansia
d__Bacteria;p__Bacillota;c__Clostridia;o__Peptostreptococcales-Tissierellales;f__Peptostreptococcaceae;g__Paeniclostridium	0.0011212230366073363	0.0005981059309109539	26.5	0.5535714285714286	0.8105867346938777	-0.889346155680307	Paeniclostridium
d__Bacteria;p__Bacillota;c__Clostridia;o__Clostridiales;f__Caloramatoraceae;g__Fonticella	0.0002119461851165336	0.00015136090513884724	26	0.6428571428571429	0.9371428571428572	-0.44655952844697977	Fonticella
d__Bacteria;p__Actinomycetota;c__Thermoleophilia;o__Solirubrobacterales;f__67-14;g__Incertae_Sedis	0.0000019548660525780773	0.00003323601551063976	26	0.6666666666666666	0.967551622418879	1.47402838336896	67-14 (Incertae Sedis)
d__Bacteria;p__Bacillota;c__Clostridia;o__Peptostreptococcales-Tissierellales;f__Anaerovoracaceae;g__Incertae_Sedis	0.00018998828480433613	0.00010418636998336806	21.5	0.6874291383219955	0.9932896800423547	-0.7790986743324216	Anaerovoracaceae (Incertae Sedis)
d__Bacteria;p__Deinococcota;c__Deinococci;o__Deinococcales;f__Deinococcaceae;g__Deinococcus	0.000019163703002538618	0.00001389757487318463	22.5	0.7142857142857143	1	-0.2366973507842161	Deinococcus
d__Bacteria;p__Bacillota;c__Clostridia;o__Peptostreptococcales-Tissierellales;f__Peptostreptococcaceae;__	0.000008920160991065567	0.00002160124108948805	25.5	0.7321428571428571	1	0.6006025695305584	Peptostreptococcaceae (family)
d__Bacteria;p__Pseudomonadota;c__Gammaproteobacteria;o__Burkholderiales;f__Burkholderiaceae;g__Polynucleobacter	0.0000071361287928524535	0.00004169272461955389	25.5	0.7321428571428571	1	1.3318771985351445	Polynucleobacter
d__Bacteria;p__Pseudomonadota;c__Alphaproteobacteria;o__Hyphomicrobiales;f__Xanthobacteraceae;g__Xanthobacter	0.000004708984742889433	0.000012431368486480888	25.5	0.7333333333333333	1	0.46416348120593726	Xanthobacter
d__Bacteria;p__Bacillota;c__Clostridia;o__Peptostreptococcales-Tissierellales;f__Peptostreptococcaceae;g__Terrisporobacter	0.005231257495397561	0.0025325078324296224	26	0.774385865457294	1	-1.0420159385898875	Terrisporobacter
d__Bacteria;p__Bacillota;c__Clostridia;o__Clostridiales;f__Clostridiaceae;g__Clostridium	0.16083333168459682	0.14739954041632158	22	0.813860544217687	1	-0.12582161676172376	Clostridium
d__Bacteria;p__Bacillota;c__Clostridia;o__Peptostreptococcales-Tissierellales;f__Anaerovoracaceae;g__Anaerovorax	0.0009283566083907743	0.0015978282920730963	22.5	0.8216647770219199	1	0.773312324368517	Anaerovorax
d__Bacteria;p__Pseudomonadota;c__Alphaproteobacteria;o__Reyranellales;f__Reyranellaceae;g__Reyranella	0.00007905249592229366	0.000019719652190371403	26	0.8263888888888888	1	-1.4211734128136995	Reyranella
d__Bacteria;p__Pseudomonadota;c__Gammaproteobacteria;o__Pseudomonadales;f__Moraxellaceae;g__Enhydrobacter	0.000010976515058413095	0.000023785045131366933	25	0.8611111111111112	1	0.5668095879708492	Enhydrobacter
d__Bacteria;p__Pseudomonadota;c__Gammaproteobacteria;o__Enterobacterales;f__Hafniaceae;g__Edwardsiella	0.025319430492373063	0.012431451134849463	24.5	0.9285714285714286	1	-1.0253272800307671	Edwardsiella
d__Bacteria;p__Actinomycetota;c__Actinobacteria;o__Mycobacteriales;f__Nocardiaceae;g__Rhodococcus	0.000022364072070132222	0.00002185970269852719	24.5	0.9627976190476191	1	-0.019275398423545285	Rhodococcus
d__Bacteria;p__Bacillota;c__Clostridia;o__Oscillospirales;f__Ruminococcaceae;g__[Clostridium]_methylpentosum_group	0.000010223833801357724	0	22.5	1	1	-0.7257347050453783	[Clostridium] methylpentosum group
d__Bacteria;p__Pseudomonadota;c__Alphaproteobacteria;o__Hyphomicrobiales;f__A0839;g__Incertae_Sedis	0	0.00000766166104811523	26.5	1	1	0.5752247907183841	A0839 (Incertae Sedis)
d__Bacteria;p__Actinomycetota;c__Actinobacteria;__;__;__	0	0.000025086548592644622	26.5	1	1	1.3807899344188341	Actinobacteria (class)
d__Bacteria;p__Actinomycetota;c__Actinobacteria;o__Actinomycetales;f__Actinomycetaceae;g__Actinomyces	0.000005536068594104308	0	24	1	1	-0.4372201035973506	Actinomyces
d__Bacteria;p__Bacillota;c__Clostridia;o__Oscillospirales;f__Ruminococcaceae;g__Acutalibacter	0.001195253054453129	0.0000228385819778212	24.5	1	1	-4.975910909762602	Acutalibacter
d__Bacteria;p__Pseudomonadota;c__Alphaproteobacteria;o__Hyphomicrobiales;f__Xanthobacteraceae;g__Afipia	0.0000029322990788671162	0	21.5	1	1	-0.24792751344358538	Afipia
d__Bacteria;p__Pseudomonadota;c__Gammaproteobacteria;o__Burkholderiales;f__Alcaligenaceae;g__Alcaligenes	0.0000022144274376417234	0	24	1	1	-0.1910536175707119	Alcaligenes
d__Bacteria;p__Bacillota;c__Clostridia;o__Eubacteriales;f__Anaerofustaceae;g__Anaerofustis	0.00002044766760271545	0	22.5	1	1	-1.206321400538478	Anaerofustis
d__Bacteria;p__Chloroflexota;c__Anaerolineae;o__Anaerolineales;f__Anaerolineaceae;__	0	0.000005881142117799277	26.5	1	1	0.46054114419621917	Anaerolineaceae (family)
d__Bacteria;p__Chloroflexota;c__Anaerolineae;o__Incertae_Sedis;f__Incertae_Sedis;g__Incertae_Sedis	0	0.000005107774032076821	26.5	1	1	0.4077403855454603	Anaerolineae (Incertae Sedis)
d__Bacteria;p__Acidobacteriota;c__Blastocatellia;o__Blastocatellales;f__Blastocatellaceae;g__Aridibacter	0	0.000005881142117799277	26.5	1	1	0.46054114419621917	Aridibacter
d__Bacteria;p__Bacteroidota;c__Bacteroidia;o__Chitinophagales;f__Chitinophagaceae;g__Asinibacterium	0.0000922534441285808	0	22.5	1	1	-2.7863793094311715	Asinibacterium
d__Bacteria;p__Bacteroidota;c__Bacteroidia;o__Chitinophagales;f__Chitinophagaceae;g__Aurantisolimonas	0	0.00001532332209623046	26.5	1	1	0.9853686762113641	Aurantisolimonas
d__Bacteria;p__Bacillota;c__Bacilli;o__Bacillales;f__Bacillaceae;g__Bacillus	0.000012352755158510554	0	22.5	1	1	-0.8398565988420962	Bacillus
d__Bacteria;p__Bdellovibrionota;c__Bdellovibrionia;o__Bdellovibrionales;f__Pseudobdellovibrionaceae;g__Bdellovibrio	0	0.0000054501853063004136	26.5	1	1	0.43135680436877033	Bdellovibrio
d__Bacteria;p__Thermodesulfobacteriota;c__Desulfovibrionia;o__Desulfovibrionales;f__Desulfovibrionaceae;g__Bilophila	0.000007099583491101855	0	24	1	1	-0.5399961797091442	Bilophila
d__Bacteria;p__Actinomycetota;c__Actinobacteria;o__Micrococcales;f__Dermabacteraceae;g__Brachybacterium	0.0000047844188981637374	0.000008175277959450621	24.5	1	1	0.22160313247431504	Brachybacterium
d__Bacteria;p__Bacillota;c__Bacilli;o__Brevibacillales;f__Brevibacillaceae;g__Brevibacillus	0.0000068335884539689486	0	22.5	1	1	-0.5230200498073473	Brevibacillus
d__Bacteria;p__Bacillota;c__Clostridia;o__Oscillospirales;f__Butyricicoccaceae;__	0.000024358701814058958	0	24	1	1	-1.3547728636836855	Butyricicoccaceae (family)
d__Bacteria;p__Bacillota;c__Clostridia;o__Oscillospirales;f__Butyricicoccaceae;g__Incertae_Sedis	0.00004928819901632625	0.00013164645244343994	24.5	1	1	1.1817209526883732	Butyricicoccaceae (Incertae Sedis)
d__Bacteria;p__Bacillota;c__Clostridia;o__Clostridiales;f__Caloramatoraceae;__	0.000223266233244931	0.0011119033445860698	24	1	1	2.2386715935911443	Caloramatoraceae (family)
d__Bacteria;p__Pseudomonadota;c__Gammaproteobacteria;o__Gammaproteobacteria_Incertae_Sedis;f__Unknown_Family;g__Candidatus_Berkiella	0	0.000008175277959450621	26.5	1	1	0.6066808084266594	Candidatus Berkiella
d__Archaea;p__Thermoproteota;c__Nitrososphaeria;o__Nitrososphaerales;f__Nitrososphaeraceae;g__Candidatus_Nitrososphaera	0.000005111916900678862	0	22.5	1	1	-0.4080284457479391	Candidatus Nitrososphaera
d__Bacteria;p__Cyanobacteriota;c__Vampirivibrionia;o__Obscuribacterales;f__Obscuribacteraceae;g__Candidatus_Obscuribacter	0	0.000008733115975780158	26.5	1	1	0.640085610933001	Candidatus Obscuribacter
d__Bacteria;p__Bacillota;c__Clostridia;o__Oscillospirales;f__Ruminococcaceae;g__Caproiciproducens	0.000015335750702036587	0	22.5	1	1	-0.9859476745022604	Caproiciproducens
d__Bacteria;p__Pseudomonadota;c__Gammaproteobacteria;o__CCM19a;f__Incertae_Sedis;g__Incertae_Sedis	0	0.000005107774032076821	26.5	1	1	0.4077403855454603	CCM19a (Incertae Sedis)
d__Bacteria;p__Bacteroidota;c__Bacteroidia;o__Chitinophagales;f__Chitinophagaceae;g__Incertae_Sedis	0	0.000010215548064153642	26.5	1	1	0.7252724300911995	Chitinophagaceae (Incertae Sedis)
d__Bacteria;p__Bacillota;c__Clostridia;o__Christensenellales;f__Christensenellaceae;g__Christensenellaceae_R-7_group	0.0000036004378132380897	0.00017349369247507868	24.5	1	1	3.297265034436526	Christensenellaceae R-7 group
d__Bacteria;p__Bacillota;c__Clostridia;__;__;__	0.000010223833801357724	0	22.5	1	1	-0.7257347050453783	Clostridia (class)
d__Bacteria;p__Pseudomonadota;c__Alphaproteobacteria;o__Rhodobacterales;f__Paracoccaceae;g__Defluviimonas	0.000005125191340476711	0	22.5	1	1	-0.40895105132313786	Defluviimonas
d__Bacteria;p__Actinomycetota;c__Actinobacteria;o__Micrococcales;f__Dermacoccaceae;g__Dermacoccus	0.000008857709750566894	0	24	1	1	-0.6474421100667628	Dermacoccus
d__Bacteria;p__Bacillota;c__Desulfitobacteriia;o__Desulfitobacteriales;f__Incertae_Sedis;__	0	0.000008821713176698916	26.5	1	1	0.6453205833719668	Desulfitobacteriales (order)
d__Bacteria;p__Pseudomonadota;c__Alphaproteobacteria;o__Hyphomicrobiales;f__Devosiaceae;g__Devosia	0.000009624408830984677	0.000006215684243240444	24	1	1	-0.2091074207017252	Devosia
d__Bacteria;p__Actinomycetota;c__Actinobacteria;o__Mycobacteriales;f__Dietziaceae;g__Dietzia	0.00000664328231292517	0	24	1	1	-0.5107507144597154	Dietzia
d__Bacteria;p__Bacillota;c__Bacilli;o__Erysipelotrichales;f__Erysipelotrichaceae;g__Erysipelothrix	0.0005666669203683219	0.00007159277001120474	24	1	1	-2.7388527246997296	Erysipelothrix
d__Bacteria;p__Bacillota;c__Bacilli;o__Erysipelotrichales;f__Erysipelotrichaceae;__	0	0.000011762284235598554	26.5	1	1	0.8090980793191406	Erysipelotrichaceae (family)
d__Bacteria;p__Bacillota;c__Clostridia;o__Peptostreptococcales-Tissierellales;f__Family_XI;__	0	0.00001003461943705785	26.5	1	1	0.7151410148417618	Family XI (family)
d__Bacteria;p__Bacteroidota;c__Bacteroidia;o__Chitinophagales;f__Chitinophagaceae;g__Ferruginibacter	0.0000050159507233000945	0.000015051929155586774	24.5	1	1	0.5713263400248922	Ferruginibacter
d__Bacteria;p__Bacillota;c__Bacilli;o__Bacillales;f__Bacillaceae;g__Fictibacillus	0.00010421222392302645	0	22.5	1	1	-2.9380302125831967	Fictibacillus
d__Bacteria;p__Armatimonadota;c__Fimbriimonadia;o__Fimbriimonadales;f__Fimbriimonadaceae;g__Incertae_Sedis	0.0000019548660525780773	0.00000766166104811523	24.5	1	1	0.40529978927607185	Fimbriimonadaceae (Incertae Sedis)
d__Bacteria;p__Bacteroidota;c__Bacteroidia;o__Chitinophagales;f__Chitinophagaceae;g__Flavihumibacter	0	0.00001470285529449819	26.5	1	1	0.9561642378268118	Flavihumibacter
d__Bacteria;p__Bacteroidota;c__Bacteroidia;o__Flavobacteriales;f__Flavobacteriaceae;g__Flavobacterium	0.000003909732105156155	0	21.5	1	1	-0.3219280948873623	Flavobacterium
d__Bacteria;p__Bacteroidota;c__Bacteroidia;o__Cytophagales;f__Spirosomataceae;g__Flectobacillus	0.0000019548660525780773	0	21.5	1	1	-0.16992500144231226	Flectobacillus
d__Bacteria;p__Bacillota;c__Bacilli;o__Bacillales;f__Bacillaceae;g__Gottfriedia	0.000021298750473305565	0	24	1	1	-1.2399515498971185	Gottfriedia
d__Bacteria;p__Pseudomonadota;c__Gammaproteobacteria;o__Pseudomonadales;f__Halieaceae;__	0	0.000005881142117799277	26.5	1	1	0.46054114419621917	Halieaceae (family)
d__Bacteria;p__Pseudomonadota;c__Gammaproteobacteria;o__Burkholderiales;f__Comamonadaceae;g__Hydrogenophaga	0.000034210155920116356	0.000026465139530096744	23.5	1	1	-0.24360737626382134	Hydrogenophaga
d__Bacteria;p__Pseudomonadota;c__Alphaproteobacteria;o__Hyphomicrobiales;f__Hyphomicrobiaceae;g__Hyphomicrobium	0.000004887165131445193	0.00001907564857205145	24.5	1	1	0.7580825065361709	Hyphomicrobium
d__Bacteria;p__Chloroflexota;c__Chloroflexia;o__Thermomicrobiales;f__JG30-KF-CM45;g__Incertae_Sedis	0.000004728847863506535	0.000005075240439515822	24.5	1	1	0.024329456321065215	JG30-KF-CM45 (Incertae Sedis)
d__Bacteria;p__Pseudomonadota;c__Alphaproteobacteria;o__Hyphomicrobiales;f__Kaistiaceae;g__Kaistia	0.000022448475161868357	0	24	1	1	-1.284172280194863	Kaistia
d__Bacteria;p__Bacteroidota;c__Bacteroidia;o__Chitinophagales;f__Chitinophagaceae;g__Lacibacter	0	0.000028092757176422515	26.5	1	1	1.4835372942584084	Lacibacter
d__Bacteria;p__Actinomycetota;c__Actinobacteria;o__Frankiales;f__Sporichthyaceae;g__Longivirga	0	0.000012769435080192052	26.5	1	1	0.8611740631077246	Longivirga
d__Bacteria;p__Pseudomonadota;c__Gammaproteobacteria;o__Lysobacterales;f__Lysobacteraceae;g__Luteimonas	0.0000025079753616500472	0	21.5	1	1	-0.21458175457866557	Luteimonas
d__Bacteria;p__Planctomycetota;c__Planctomycetes;o__Pirellulales;f__Pirellulaceae;g__Mariniblastus	0	0.00001003461943705785	26.5	1	1	0.7151410148417618	Mariniblastus
d__Bacteria;p__Pseudomonadota;c__Gammaproteobacteria;o__Burkholderiales;f__Oxalobacteraceae;g__Massilia	0.000004887165131445193	0	21.5	1	1	-0.39231742277876014	Massilia
d__Bacteria;p__Deinococcota;c__Deinococci;o__Thermales;f__Thermaceae;g__Meiothermus	0	0.000005107774032076821	26.5	1	1	0.4077403855454603	Meiothermus
d__Bacteria;p__Pseudomonadota;c__Alphaproteobacteria;o__Hyphomicrobiales;f__Rhizobiaceae;g__Mesorhizobium	0.00001755582753155033	0	21.5	1	1	-1.0858136826384017	Mesorhizobium
d__Bacteria;p__Pseudomonadota;c__Gammaproteobacteria;o__Burkholderiales;f__Methylophilaceae;g__Methylobacillus	0.000004728847863506535	0	23	1	1	-0.3811468155771375	Methylobacillus
d__Bacteria;p__Pseudomonadota;c__Alphaproteobacteria;o__Hyphomicrobiales;f__Beijerinckiaceae;g__Methylobacterium	0.000020500765361906844	0.000007612860659273733	24.5	1	1	-0.6362425552046516	Methylobacterium
d__Bacteria;p__Pseudomonadota;c__Gammaproteobacteria;o__Methylococcales;f__Methylococcaceae;__	0	0.00000766166104811523	26.5	1	1	0.5752247907183841	Methylococcaceae (family)
d__Bacteria;p__Bacteroidota;c__Bacteroidia;o__Sphingobacteriales;f__Sphingobacteriaceae;g__Mucilaginibacter	0.00001195877979444566	0	22.5	1	1	-0.819406804289697	Mucilaginibacter
d__Bacteria;p__Actinomycetota;c__Actinobacteria;o__Propionibacteriales;f__Nocardioidaceae;g__Nocardioides	0.0000025079753616500472	0.0000041437894954936285	23.5	1	1	0.12451723214256552	Nocardioides
d__Bacteria;p__Pseudomonadota;c__Alphaproteobacteria;o__Sphingomonadales;f__Sphingomonadaceae;g__Novosphingobium	0.00008003560733074407	0.00010400801938096169	24	1	1	0.3225766936102934	Novosphingobium
d__Bacteria;p__Bacteroidota;c__Bacteroidia;o__Cytophagales;f__Microscillaceae;g__OLB12	0	0.000005881142117799277	26.5	1	1	0.46054114419621917	OLB12
d__Bacteria;p__Bdellovibrionota;c__Oligoflexia;o__Oligoflexales;f__Oligoflexaceae;g__Oligoflexus	0	0.000005881142117799277	26.5	1	1	0.46054114419621917	Oligoflexus
d__Bacteria;p__Bacillota;c__Clostridia;o__Oscillospirales;f__Oscillospiraceae;g__Oscillibacter	0.00008744401645184425	0.00009210481748349146	24	1	1	0.06379847124071791	Oscillibacter
d__Bacteria;p__Myxococcota;c__Myxococcia;o__Myxococcales;f__Myxococcaceae;g__P3OB-42	0	0.000005107774032076821	26.5	1	1	0.4077403855454603	P3OB-42
d__Bacteria;p__Bacillota;c__Clostridia;o__Peptostreptococcales-Tissierellales;f__Peptostreptococcaceae;g__Paraclostridium	0.0001612440877167837	0.00024147036342158295	24.5	1	1	0.5395862188940863	Paraclostridium
d__Bacteria;p__Pseudomonadota;c__Alphaproteobacteria;o__Rhodobacterales;f__Paracoccaceae;g__Paracoccus	0.000012179350907029479	0	24	1	1	-0.8308915235874258	Paracoccus
d__Bacteria;p__Verrucomicrobiota;c__Verrucomicrobiia;o__Pedosphaerales;f__Pedosphaeraceae;g__Incertae_Sedis	0	0.00000766166104811523	26.5	1	1	0.5752247907183841	Pedosphaeraceae (Incertae Sedis)
d__Bacteria;p__Planctomycetota;c__Planctomycetes;o__Pirellulales;f__Pirellulaceae;__	0	0.000015051929155586774	26.5	1	1	0.9726672961615571	Pirellulaceae (family)
d__Bacteria;p__Bacillota;c__Bacilli;o__Bacillales;f__Bacillaceae;g__Priestia	0	0.000011762284235598554	26.5	1	1	0.8090980793191406	Priestia
d__Bacteria;p__Pseudomonadota;c__Alphaproteobacteria;o__Hyphomicrobiales;f__Pleomorphomonadaceae;g__Prosthecomicrobium	0	0.00000766166104811523	26.5	1	1	0.5752247907183841	Prosthecomicrobium
d__Bacteria;p__Bdellovibrionota;c__Bdellovibrionia;o__Bdellovibrionales;f__Pseudobdellovibrionaceae;g__Incertae_Sedis	0	0.000025538870160384105	26.5	1	1	1.3967250410995748	Pseudobdellovibrionaceae (Incertae Sedis)
d__Bacteria;p__Chloroflexota;c__Anaerolineae;o__RBG-13-54-9;f__Incertae_Sedis;g__Incertae_Sedis	0	0.0000054501853063004136	26.5	1	1	0.43135680436877033	RBG-13-54-9 (Incertae Sedis)
d__Bacteria;p__Pseudomonadota;c__Gammaproteobacteria;o__Rickettsiellales;f__Rickettsiellaceae;g__Rickettsiella	0.00000483998993282094	0	23	1	1	-0.38899785514675417	Rickettsiella
d__Bacteria;p__Bacteroidota;c__Bacteroidia;o__Bacteroidales;f__Rikenellaceae;__	0.0000023644239317532675	0	23	1	1	-0.20312390908925593	Rikenellaceae (family)
d__Bacteria;p__Planctomycetota;c__Planctomycetes;o__Planctomycetales;f__Rubinisphaeraceae;g__Incertae_Sedis	0	0.00000766166104811523	26.5	1	1	0.5752247907183841	Rubinisphaeraceae (Incertae Sedis)
d__Bacteria;p__Actinomycetota;c__Rubrobacteria;o__Rubrobacterales;f__Rubrobacteriaceae;g__Rubrobacter	0	0.000011644154634373546	26.5	1	1	0.8028650190684646	Rubrobacter
d__Bacteria;p__Pseudomonadota;c__Gammaproteobacteria;o__Burkholderiales;f__Alcaligenaceae;g__Saccharedens	0.000009001094533095225	0	21.5	1	1	-0.6558619374263207	Saccharedens
d__Bacteria;p__Pseudomonadota;c__Alphaproteobacteria;o__Sphingomonadales;f__Sphingomonadaceae;g__Sandaracinobacter	0	0.00001764342635339783	26.5	1	1	1.089615847252202	Sandaracinobacter
d__Bacteria;p__Bacillota;c__Clostridia;o__Clostridiales;f__Clostridiaceae;g__Sarcina	0.0000037058265475531663	0	22.5	1	1	-0.3068007923218689	Sarcina
d__Bacteria;p__Actinomycetota;c__Thermoleophilia;o__Solirubrobacterales;f__Solirubrobacteraceae;g__Solirubrobacter	0.000004428854875283447	0	24	1	1	-0.35973960163551877	Solirubrobacter
d__Bacteria;p__Pseudomonadota;c__Alphaproteobacteria;o__Sphingomonadales;f__Sphingomonadaceae;g__Incertae_Sedis	0	0.000020431096128307284	26.5	1	1	1.2056587424433625	Sphingomonadaceae (Incertae Sedis)
d__Bacteria;p__Acidobacteriota;c__Blastocatellia;o__Blastocatellales;f__Blastocatellaceae;g__Stenotrophobacter	0	0.0000054501853063004136	26.5	1	1	0.43135680436877033	Stenotrophobacter
d__Bacteria;p__Sumerlaeota;c__Sumerlaeia;o__Incertae_Sedis;f__Incertae_Sedis;g__Incertae_Sedis	0	0.0000054501853063004136	26.5	1	1	0.43135680436877033	Sumerlaeia (Incertae Sedis)
d__Bacteria;p__Bacteroidota;c__Bacteroidia;o__Bacteroidales;f__Tannerellaceae;__	0	0.00001764342635339783	26.5	1	1	1.089615847252202	Tannerellaceae (family)
d__Bacteria;p__Verrucomicrobiota;c__Verrucomicrobiia;o__Chthoniobacterales;f__Terrimicrobiaceae;g__Terrimicrobium	0	0.000008175277959450621	26.5	1	1	0.6066808084266594	Terrimicrobium
d__Bacteria;p__Bacteroidota;c__Bacteroidia;o__Chitinophagales;f__Chitinophagaceae;g__Terrimonas	0	0.000016350555918901242	26.5	1	1	1.0324560742809308	Terrimonas
d__Archaea;p__Thermoplasmatota;c__Thermoplasmata;__;__;__	0.00000473305566073457	0	24	1	1	-0.38144483246094224	Thermoplasmata (class)
d__Bacteria;p__Verrucomicrobiota;c__Verrucomicrobiia;o__Verrucomicrobiales;f__Verrucomicrobiaceae;__	0	0.0000054501853063004136	26.5	1	1	0.43135680436877033	Verrucomicrobiaceae (family)
